IUPAC,ion1,ion2,density,temperature,pressure
1-(2-chloroethyl)-3-methylimidazolium dicyanamide,[N-1][Branch1][Ring1][C][#N][C][#N],[Cl][C][C][N+1][=C][N][Branch1][Branch1][C][=C][Ring1][Branch1][C],1194.6,363.15,101.325
1-(2-cyanoethyl)imidazolium 4-methylbenzenesulfonate,[C][C][=C][C][=C][Branch1][Branch1][C][=C][Ring1][=Branch1][S][=Branch1][C][=O][=Branch1][C][=O][O-1],[C][#Branch1][C][#N][C][C][N+1][=C][N][C][=C][Ring1][Branch1],1229,363.15,101.325
1-(2-cyanoethyl)imidazolium acetate,[C][Branch1][C][C][=Branch1][C][=O][O-1],[C][#Branch1][C][#N][C][C][N+1][=C][N][C][=C][Ring1][Branch1],1073.2,363.15,101.325
1-(2-cyanoethyl)imidazolium butanoate,[C][Branch1][Ring2][C][C][C][=Branch1][C][=O][O-1],[C][#Branch1][C][#N][C][C][N+1][=C][N][C][=C][Ring1][Branch1],1021.9,363.15,101.325
1-(2-cyanoethyl)imidazolium formate,[C][=Branch1][C][=O][O-1],[C][#Branch1][C][#N][C][C][N+1][=C][N][C][=C][Ring1][Branch1],1154.7,363.15,101.325
1-(2-cyanoethyl)imidazolium hexanoate,[C][Branch1][=Branch1][C][C][C][C][C][=Branch1][C][=O][O-1],[C][#Branch1][C][#N][C][C][N+1][=C][N][C][=C][Ring1][Branch1],986.3,363.15,101.325
1-(2-cyanoethyl)imidazolium hydrogen sulfate,[S][=Branch1][C][=O][=Branch1][C][=O][Branch1][C][O][O-1],[C][#Branch1][C][#N][C][C][N+1][=C][N][C][=C][Ring1][Branch1],1385.9,363.15,101.325
1-(2-cyanoethyl)imidazolium propionate,[C][Branch1][Ring1][C][C][=Branch1][C][=O][O-1],[C][#Branch1][C][#N][C][C][N+1][=C][N][C][=C][Ring1][Branch1],1046.2,363.15,101.325
1-(2-hydroxyethyl)-3-methylimidazolium glycinate,[N][C][C][=Branch1][C][=O][O-1],[O][C][C][N+1][=C][N][Branch1][Branch1][C][=C][Ring1][Branch1][C],1327.9,363.15,100
1-(2-hydroxyethyl)-3-methylimidazolium L-alaninate,[N][C@@H1][Branch1][C][C][C][=Branch1][C][=O][O-1],[O][C][C][N+1][=C][N][Branch1][Branch1][C][=C][Ring1][Branch1][C],1187.9,363.15,100
1-(2-hydroxyethyl)-3-methylimidazolium L-prolinate,[N][C@@H1][Branch1][=Branch1][C][C][C][Ring1][Branch1][C][=Branch1][C][=O][O-1],[O][C][C][N+1][=C][N][Branch1][Branch1][C][=C][Ring1][Branch1][C],1197.3,363.15,100
1-(2-hydroxyethyl)-3-methylimidazolium L-serinate,[N][C@@H1][Branch1][Ring1][C][O][C][=Branch1][C][=O][O-1],[O][C][C][N+1][=C][N][Branch1][Branch1][C][=C][Ring1][Branch1][C],1269.3,363.15,100
1-(2-hydroxyethyl)-pyridinium bis(trifluoromethylsulfonyl)imide,[N-1][Branch1][S][S][=Branch1][C][=O][=Branch1][C][=O][C][Branch1][C][F][Branch1][C][F][F][S][=Branch1][C][=O][=Branch1][C][=O][C][Branch1][C][F][Branch1][C][F][F],[O][C][C][N+1][=C][C][=C][C][=C][Ring1][=Branch1],1527.29,363.15,101.325
1-(2-methoxyethyl)-1-methylpyrrolidinium bis((trifluoromethyl)sulfonyl)amide,[F][C][Branch2][Ring1][Branch2][S][=Branch1][C][=O][=Branch1][C][=O][N-1][S][=Branch1][C][=O][=Branch1][C][=O][C][Branch1][C][F][Branch1][C][F][F][Branch1][C][F][F],[C][O][C][C][N+1][Branch1][#Branch1][C][C][C][C][Ring1][Branch1][C],1394.2,363.15,101.325
1-(3-cyanopropyl)-3-methylimidazolium cyanocyanamide,[C][#Branch1][C][#N][N][C][#N],[C][#Branch1][C][#N][C][C][C][N+1][=C][N][Branch1][Branch1][C][=C][Ring1][Branch1][C],1112.1,363.15,101.325
"1,2-diethylpyridin-1-ium bis((trifluoromethyl)sulfonyl)imide",[N-1][Branch1][S][S][=Branch1][C][=O][=Branch1][C][=O][C][Branch1][C][F][Branch1][C][F][F][S][=Branch1][C][=O][=Branch1][C][=O][C][Branch1][C][F][Branch1][C][F][F],[C][Branch1][C][C][N+1][=C][Branch1][#Branch1][C][=C][C][=C][Ring1][=Branch1][C][C],1410,363.15,101.325
"1,3-dibutyl-1H-imidazolium bis((trifluoromethyl)sulfonyl)amide",[F][C][Branch2][Ring1][Branch2][S][=Branch1][C][=O][=Branch1][C][=O][N-1][S][=Branch1][C][=O][=Branch1][C][=O][C][Branch1][C][F][Branch1][C][F][F][Branch1][C][F][F],[C][Branch1][Ring2][C][C][C][NH1+1][C][N][Branch1][Branch1][C][=C][Ring1][Branch1][C][C][C][C],1282.5,363.15,101.325
"1,3-diethylimidazolium ethyl sulfate",[S][=Branch1][C][=O][=Branch1][C][=O][Branch1][Ring2][O][C][C][O-1],[C][Branch1][C][C][N+1][=C][N][Branch1][Branch1][C][=C][Ring1][Branch1][C][C],1160.3,363.15,101.325
1-allyl-3-methyl-1H-imidazolium bis((trifluoromethyl)sulfonyl)amide,[F][C][Branch2][Ring1][Branch2][S][=Branch1][C][=O][=Branch1][C][=O][N-1][S][=Branch1][C][=O][=Branch1][C][=O][C][Branch1][C][F][Branch1][C][F][F][Branch1][C][F][F],[C][Branch1][Ring1][C][=C][NH1+1][C][N][Branch1][Branch1][C][=C][Ring1][Branch1][C],1431.7,363.15,100
1-allyl-3-methyl-1H-imidazolium bis((trifluoromethyl)sulfonyl)amide,[F][C][Branch2][Ring1][Branch2][S][=Branch1][C][=O][=Branch1][C][=O][N-1][S][=Branch1][C][=O][=Branch1][C][=O][C][Branch1][C][F][Branch1][C][F][F][Branch1][C][F][F],[C][Branch1][Ring1][C][=C][NH1+1][C][N][Branch1][Branch1][C][=C][Ring1][Branch1][C],1431.7,363.15,101.325
1-allyl-3-methylimidazolium dicyanamide,[N-1][Branch1][Ring1][C][#N][C][#N],[C][Branch1][Ring1][C][=C][N+1][=C][N][Branch1][Branch1][C][=C][Ring1][Branch1][C],1067.6,363.15,101.325
1-benzyl-3-butylimidazolium bis(trifluoromethylsulfonyl)imide,[N-1][Branch1][S][S][=Branch1][C][=O][=Branch1][C][=O][C][Branch1][C][F][Branch1][C][F][F][S][=Branch1][C][=O][=Branch1][C][=O][C][Branch1][C][F][Branch1][C][F][F],[C][Branch1][=Branch2][C][=C][C][=C][C][=C][Ring1][=Branch1][N+1][=C][N][Branch1][Branch1][C][=C][Ring1][Branch1][C][C][C][C],1237.2,363.15,101.325
1-benzyl-3-methyl-1H-imidazolium methyl sulfate,[S][=Branch1][C][=O][=Branch1][C][=O][Branch1][Ring1][O][C][O-1],[C][Branch1][=Branch2][C][=C][C][=C][C][=C][Ring1][=Branch1][NH1+1][C][N][Branch1][Branch1][C][=C][Ring1][Branch1][C],1143.6,363.15,101.325
1-benzyl-3-methylimidazolium 2-acrylamido-2-methylpropanesulfonate,[C][Branch1][Ring1][C][=C][=Branch1][C][=O][N][C][Branch1][#Branch2][C][S][=Branch1][C][=O][=Branch1][C][=O][O-1][Branch1][C][C][C],[C][Branch1][=Branch2][C][=C][C][=C][C][=C][Ring1][=Branch1][N+1][=C][N][Branch1][Branch1][C][=C][Ring1][Branch1][C],1098,363.15,101.325
1-butyl-1H-benzimidazolium bis((trifluoromethyl)sulfonyl)amide,[F][C][Branch2][Ring1][Branch2][S][=Branch1][C][=O][=Branch1][C][=O][N-1][S][=Branch1][C][=O][=Branch1][C][=O][C][Branch1][C][F][Branch1][C][F][F][Branch1][C][F][F],[C][Branch1][Ring2][C][C][C][NH1+1][C][=N][C][=C][Ring1][Branch1][C][=C][C][=C][Ring1][=Branch1],1365.2,363.15,101.325
1-butyl-1-methylpiperidinium bis(trifluoromethanesulfonyl)imide,[N-1][Branch1][S][S][=Branch1][C][=O][=Branch1][C][=O][C][Branch1][C][F][Branch1][C][F][F][S][=Branch1][C][=O][=Branch1][C][=O][C][Branch1][C][F][Branch1][C][F][F],[C][Branch1][Ring2][C][C][C][N+1][Branch1][Branch2][C][C][C][C][C][Ring1][=Branch1][C],1326,363.15,101.325
1-butyl-1-methylpyrrolidinium 2-acrylamido-2-methylpropanesulfonate,[C][Branch1][Ring1][C][=C][=Branch1][C][=O][N][C][Branch1][#Branch2][C][S][=Branch1][C][=O][=Branch1][C][=O][O-1][Branch1][C][C][C],[C][Branch1][Ring2][C][C][C][N+1][Branch1][#Branch1][C][C][C][C][Ring1][Branch1][C],1059.6,363.15,101.325
1-butyl-1-methylpyrrolidinium acetate,[C][Branch1][C][C][=Branch1][C][=O][O-1],[C][Branch1][Ring2][C][C][C][N+1][Branch1][#Branch1][C][C][C][C][Ring1][Branch1][C],983.5,363.15,101.325
1-butyl-1-methylpyrrolidinium bis(fluorosulfonyl)amide,[F][S][=Branch1][C][=O][=Branch1][C][=O][N-1][S][=Branch1][C][=O][=Branch1][C][=O][F],[C][Branch1][Ring2][C][C][C][N+1][Branch1][#Branch1][C][C][C][C][Ring1][Branch1][C],1256.8,363.15,100
1-butyl-1-methylpyrrolidinium bis[(trifluoromethyl)sulfonyl]imide,[N-1][Branch1][S][S][=Branch1][C][=O][=Branch1][C][=O][C][Branch1][C][F][Branch1][C][F][F][S][=Branch1][C][=O][=Branch1][C][=O][C][Branch1][C][F][Branch1][C][F][F],[C][Branch1][Ring2][C][C][C][N+1][Branch1][#Branch1][C][C][C][C][Ring1][Branch1][C],1338.823,363.15,100
1-butyl-1-methylpyrrolidinium bis[(trifluoromethyl)sulfonyl]imide,[N-1][Branch1][S][S][=Branch1][C][=O][=Branch1][C][=O][C][Branch1][C][F][Branch1][C][F][F][S][=Branch1][C][=O][=Branch1][C][=O][C][Branch1][C][F][Branch1][C][F][F],[C][Branch1][Ring2][C][C][C][N+1][Branch1][#Branch1][C][C][C][C][Ring1][Branch1][C],1338.823,363.15,101.325
1-butyl-1-methylpyrrolidinium methyl sulfate,[S][=Branch1][C][=O][=Branch1][C][=O][Branch1][Ring1][O][C][O-1],[C][Branch1][Ring2][C][C][C][N+1][Branch1][#Branch1][C][C][C][C][Ring1][Branch1][C],1127.9,363.15,101.325
1-butyl-1-methylpyrrolidinium thiocyanate,[S-1][C][#N],[C][Branch1][Ring2][C][C][C][N+1][Branch1][#Branch1][C][C][C][C][Ring1][Branch1][C],996.43,363.15,100
1-butyl-1-methylpyrrolidinium trifluoroacetate,[F][C][Branch1][=Branch1][C][=Branch1][C][=O][O-1][Branch1][C][F][F],[C][Branch1][Ring2][C][C][C][N+1][Branch1][#Branch1][C][C][C][C][Ring1][Branch1][C],1127.7,363.15,100
1-butyl-1-methylpyrrolidinium trifluoromethanesulfonate,[F][C][Branch1][=Branch2][S][=Branch1][C][=O][=Branch1][C][=O][O-1][Branch1][C][F][F],[C][Branch1][Ring2][C][C][C][N+1][Branch1][#Branch1][C][C][C][C][Ring1][Branch1][C],1205.9,363.15,101.325
"1-butyl-2,3-dimethyl-1H-imidazolium bis(trifluoromethylsulfonyl)amide",[F][C][Branch2][Ring1][Branch2][S][=Branch1][C][=O][=Branch1][C][=O][N-1][S][=Branch1][C][=O][=Branch1][C][=O][C][Branch1][C][F][Branch1][C][F][F][Branch1][C][F][F],[C][Branch1][Ring2][C][C][C][NH1+1][C][Branch1][=Branch2][N][Branch1][Branch1][C][=C][Ring1][Branch1][C][C],1359.55,363.15,101.325
"1-butyl-2,3-dimethylimidazolium azide",[N-1][=N+1][=N-1],[C][Branch1][Ring2][C][C][C][N+1][=C][Branch1][=Branch2][N][Branch1][Branch1][C][=C][Ring1][Branch1][C][C],1043.9,363.15,101
"1-butyl-2,3-dimethylimidazolium tetrafluoroborate",[F][B-1][Branch1][C][F][Branch1][C][F][F],[C][Branch1][Ring2][C][C][C][N+1][=C][Branch1][=Branch2][N][Branch1][Branch1][C][=C][Ring1][Branch1][C][C],1149.6,363.15,101
1-butyl-2-phenylimidazolium bis(trifluoromethylsulfonyl)imide,[N-1][Branch1][S][S][=Branch1][C][=O][=Branch1][C][=O][C][Branch1][C][F][Branch1][C][F][F][S][=Branch1][C][=O][=Branch1][C][=O][C][Branch1][C][F][Branch1][C][F][F],[C][Branch1][Ring2][C][C][C][N+1][=C][Branch1][=Branch1][N][C][=C][Ring1][Branch1][C][=C][C][=C][C][=C][Ring1][=Branch1],1357.5,363.15,101.325
1-butyl-3-cyanopyridinium bis(trifluoromethylsulfonyl)imide,[N-1][Branch1][S][S][=Branch1][C][=O][=Branch1][C][=O][C][Branch1][C][F][Branch1][C][F][F][S][=Branch1][C][=O][=Branch1][C][=O][C][Branch1][C][F][Branch1][C][F][F],[C][Branch1][Ring2][C][C][C][N+1][=C][C][=Branch1][=Branch1][=C][C][=C][Ring1][=Branch1][C][#N],1422,363.15,101.325
1-butyl-3-methyl-1H-imidazolium dimethylphosphate,[C][O][P][=Branch1][C][=O][Branch1][Ring1][O][C][O-1],[C][Branch1][Ring2][C][C][C][NH1+1][C][N][Branch1][Branch1][C][=C][Ring1][Branch1][C],1118.133333,363.15,100
1-butyl-3-methyl-1H-imidazolium dimethylphosphate,[C][O][P][=Branch1][C][=O][Branch1][Ring1][O][C][O-1],[C][Branch1][Ring2][C][C][C][NH1+1][C][N][Branch1][Branch1][C][=C][Ring1][Branch1][C],1118.133333,363.15,101.325
1-butyl-3-methyl-1H-imidazolium ethyl sulfate,[S][=Branch1][C][=O][=Branch1][C][=O][Branch1][Ring2][O][C][C][O-1],[C][Branch1][Ring2][C][C][C][NH1+1][C][N][Branch1][Branch1][C][=C][Ring1][Branch1][C],1139,363.15,101.325
1-butyl-3-methyl-1H-imidazolium tetracyanoborate,[C][#Branch1][C][#N][B-1][Branch1][Ring1][C][#N][Branch1][Ring1][C][#N][C][#N],[C][Branch1][Ring2][C][C][C][NH1+1][C][N][Branch1][Branch1][C][=C][Ring1][Branch1][C],962.8,363.15,101.325
1-butyl-3-methylimidazolium 2-acrylamido-2-methylpropanesulfonate,[C][Branch1][Ring1][C][=C][=Branch1][C][=O][N][C][Branch1][#Branch2][C][S][=Branch1][C][=O][=Branch1][C][=O][O-1][Branch1][C][C][C],[C][Branch1][Ring2][C][C][C][N+1][=C][N][Branch1][Branch1][C][=C][Ring1][Branch1][C],1111,363.15,101.325
1-butyl-3-methylimidazolium acetate,[C][Branch1][C][C][=Branch1][C][=O][O-1],[C][Branch1][Ring2][C][C][C][N+1][=C][N][Branch1][Branch1][C][=C][Ring1][Branch1][C],1012.854,363.15,100
1-butyl-3-methylimidazolium acetate,[C][Branch1][C][C][=Branch1][C][=O][O-1],[C][Branch1][Ring2][C][C][C][N+1][=C][N][Branch1][Branch1][C][=C][Ring1][Branch1][C],1012.854,363.15,101.325
1-butyl-3-methylimidazolium bis(trifluoromethylsulfonyl)imide,[N-1][Branch1][S][S][=Branch1][C][=O][=Branch1][C][=O][C][Branch1][C][F][Branch1][C][F][F][S][=Branch1][C][=O][=Branch1][C][=O][C][Branch1][C][F][Branch1][C][F][F],[C][Branch1][Ring2][C][C][C][N+1][=C][N][Branch1][Branch1][C][=C][Ring1][Branch1][C],1375.541667,363.15,100
1-butyl-3-methylimidazolium bis(trifluoromethylsulfonyl)imide,[N-1][Branch1][S][S][=Branch1][C][=O][=Branch1][C][=O][C][Branch1][C][F][Branch1][C][F][F][S][=Branch1][C][=O][=Branch1][C][=O][C][Branch1][C][F][Branch1][C][F][F],[C][Branch1][Ring2][C][C][C][N+1][=C][N][Branch1][Branch1][C][=C][Ring1][Branch1][C],1375.541667,363.15,101.325
1-butyl-3-methylimidazolium chloride,[Cl-1],[C][Branch1][Ring2][C][C][C][N+1][=C][N][Branch1][Branch1][C][=C][Ring1][Branch1][C],1046.8,363.15,100
1-butyl-3-methylimidazolium chloride,[Cl-1],[C][Branch1][Ring2][C][C][C][N+1][=C][N][Branch1][Branch1][C][=C][Ring1][Branch1][C],1046.8,363.15,101.325
1-butyl-3-methylimidazolium dicyanamide,[N-1][Branch1][Ring1][C][#N][C][#N],[C][Branch1][Ring2][C][C][C][N+1][=C][N][Branch1][Branch1][C][=C][Ring1][Branch1][C],1020.366667,363.15,100
1-butyl-3-methylimidazolium dicyanamide,[N-1][Branch1][Ring1][C][#N][C][#N],[C][Branch1][Ring2][C][C][C][N+1][=C][N][Branch1][Branch1][C][=C][Ring1][Branch1][C],1020.366667,363.15,101
1-butyl-3-methylimidazolium dicyanamide,[N-1][Branch1][Ring1][C][#N][C][#N],[C][Branch1][Ring2][C][C][C][N+1][=C][N][Branch1][Branch1][C][=C][Ring1][Branch1][C],1020.366667,363.15,101.325
1-butyl-3-methylimidazolium hydrogen sulfate,[S][=Branch1][C][=O][=Branch1][C][=O][Branch1][C][O][O-1],[C][Branch1][Ring2][C][C][C][N+1][=C][N][Branch1][Branch1][C][=C][Ring1][Branch1][C],1245.1,363.15,101.325
1-butyl-3-methylimidazolium methyl sulfate,[S][=Branch1][C][=O][=Branch1][C][=O][Branch1][Ring1][O][C][O-1],[C][Branch1][Ring2][C][C][C][N+1][=C][N][Branch1][Branch1][C][=C][Ring1][Branch1][C],1166.6,363.15,100
1-butyl-3-methylimidazolium methyl sulfate,[S][=Branch1][C][=O][=Branch1][C][=O][Branch1][Ring1][O][C][O-1],[C][Branch1][Ring2][C][C][C][N+1][=C][N][Branch1][Branch1][C][=C][Ring1][Branch1][C],1166.6,363.15,101.325
1-butyl-3-methylimidazolium nitrate,[N+1][=Branch1][C][=O][Branch1][C][O-1][O-1],[C][Branch1][Ring2][C][C][C][N+1][=C][N][Branch1][Branch1][C][=C][Ring1][Branch1][C],1112,363.15,101.325
1-butyl-3-methylimidazolium phenolate,[C][=Branch1][Branch2][=C][C][=C][C][=C][Ring1][=Branch1][O-1],[C][Branch1][Ring2][C][C][C][N+1][=C][N][Branch1][Branch1][C][=C][Ring1][Branch1][C],1170.1,363.15,101.325
1-butyl-3-methylimidazolium tetrafluoroborate,[F][B-1][Branch1][C][F][Branch1][C][F][F],[C][Branch1][Ring2][C][C][C][N+1][=C][N][Branch1][Branch1][C][=C][Ring1][Branch1][C],1154.49375,363.15,100
1-butyl-3-methylimidazolium tetrafluoroborate,[F][B-1][Branch1][C][F][Branch1][C][F][F],[C][Branch1][Ring2][C][C][C][N+1][=C][N][Branch1][Branch1][C][=C][Ring1][Branch1][C],1154.49375,363.15,101
1-butyl-3-methylimidazolium tetrafluoroborate,[F][B-1][Branch1][C][F][Branch1][C][F][F],[C][Branch1][Ring2][C][C][C][N+1][=C][N][Branch1][Branch1][C][=C][Ring1][Branch1][C],1154.49375,363.15,101.325
1-butyl-3-methylimidazolium thiocyanate,[S-1][C][#N],[C][Branch1][Ring2][C][C][C][N+1][=C][N][Branch1][Branch1][C][=C][Ring1][Branch1][C],1032.343333,363.15,100
1-butyl-3-methylimidazolium thiocyanate,[S-1][C][#N],[C][Branch1][Ring2][C][C][C][N+1][=C][N][Branch1][Branch1][C][=C][Ring1][Branch1][C],1032.343333,363.15,101.325
1-butyl-3-methylimidazolium tricyanomethane,[C][#Branch1][C][#N][C][Branch1][Ring1][C][#N][C][#N],[C][Branch1][Ring2][C][C][C][N+1][=C][N][Branch1][Branch1][C][=C][Ring1][Branch1][C],1004.4825,363.15,100
1-butyl-3-methylimidazolium tricyanomethane,[C][#Branch1][C][#N][C][Branch1][Ring1][C][#N][C][#N],[C][Branch1][Ring2][C][C][C][N+1][=C][N][Branch1][Branch1][C][=C][Ring1][Branch1][C],1004.4825,363.15,101
1-butyl-3-methylimidazolium tricyanomethane,[C][#Branch1][C][#N][C][Branch1][Ring1][C][#N][C][#N],[C][Branch1][Ring2][C][C][C][N+1][=C][N][Branch1][Branch1][C][=C][Ring1][Branch1][C],1004.4825,363.15,101.325
1-butyl-3-methylimidazolium trifluoromethanesulfonate,[F][C][Branch1][=Branch2][S][=Branch1][C][=O][=Branch1][C][=O][O-1][Branch1][C][F][F],[C][Branch1][Ring2][C][C][C][N+1][=C][N][Branch1][Branch1][C][=C][Ring1][Branch1][C],1248.375,363.15,100
1-butyl-3-methylimidazolium trifluoromethanesulfonate,[F][C][Branch1][=Branch2][S][=Branch1][C][=O][=Branch1][C][=O][O-1][Branch1][C][F][F],[C][Branch1][Ring2][C][C][C][N+1][=C][N][Branch1][Branch1][C][=C][Ring1][Branch1][C],1248.375,363.15,101.325
"1-butyl-3-methylpyridinium 1,1,1-trifluoro-N-[(trifluoromethyl)sulfonyl]methanesulfonamide",[F][C][Branch2][Ring1][Branch2][S][=Branch1][C][=O][=Branch1][C][=O][N][S][=Branch1][C][=O][=Branch1][C][=O][C][Branch1][C][F][Branch1][C][F][F][Branch1][C][F][F],[C][Branch1][Ring2][C][C][C][N+1][=C][C][=Branch1][=Branch1][=C][C][=C][Ring1][=Branch1][C],1354.366667,363.15,101.325
1-butyl-3-methylpyridinium dicyanamide,[N-1][Branch1][Ring1][C][#N][C][#N],[C][Branch1][Ring2][C][C][C][N+1][=C][C][=Branch1][=Branch1][=C][C][=C][Ring1][=Branch1][C],1010.3,363.15,100
1-butyl-4-methylpyridinium bis((trifluoromethyl)sulfonyl)amide,[F][C][Branch2][Ring1][Branch2][S][=Branch1][C][=O][=Branch1][C][=O][N-1][S][=Branch1][C][=O][=Branch1][C][=O][C][Branch1][C][F][Branch1][C][F][F][Branch1][C][F][F],[C][Branch1][Ring2][C][C][C][N+1][=C][C][=C][Branch1][Branch1][C][=C][Ring1][=Branch1][C],1352.7,363.15,101.325
1-butyl-4-methylpyridinium tetrafluoroborate,[F][B-1][Branch1][C][F][Branch1][C][F][F],[C][Branch1][Ring2][C][C][C][N+1][=C][C][=C][Branch1][Branch1][C][=C][Ring1][=Branch1][C],1145.7,363.15,100
1-butyl-4-methylpyridinium thiocyanate,[S-1][C][#N],[C][Branch1][Ring2][C][C][C][N+1][=C][C][=C][Branch1][Branch1][C][=C][Ring1][=Branch1][C],1025.2,363.15,100
1-butyl-4-methylpyridinium tricyanomethanide,[C][#Branch1][C][#N][C-1][Branch1][Ring1][C][#N][C][#N],[C][Branch1][Ring2][C][C][C][N+1][=C][C][=C][Branch1][Branch1][C][=C][Ring1][=Branch1][C],994.6,363.15,100
1-butylimidazolium hydrogen sulfate,[S][=Branch1][C][=O][=Branch1][C][=O][Branch1][C][O][O-1],[C][Branch1][Ring2][C][C][C][N+1][=C][N][C][=C][Ring1][Branch1],1256.6,363.15,101.325
1-butylpyridinium 2-acrylamido-2-methylpropanesulfonate,[C][Branch1][Ring1][C][=C][=Branch1][C][=O][N][C][Branch1][#Branch2][C][S][=Branch1][C][=O][=Branch1][C][=O][O-1][Branch1][C][C][C],[C][Branch1][Ring2][C][C][C][N+1][=C][C][=C][C][=C][Ring1][=Branch1],1150,363.15,101.325
1-butylpyridinium bis[(trifluoromethyl)sulfonyl]imide,[N-1][Branch1][S][S][=Branch1][C][=O][=Branch1][C][=O][C][Branch1][C][F][Branch1][C][F][F][S][=Branch1][C][=O][=Branch1][C][=O][C][Branch1][C][F][Branch1][C][F][F],[C][Branch1][Ring2][C][C][C][N+1][=C][C][=C][C][=C][Ring1][=Branch1],1388.85,363.15,101.325
"1-decyl-2,3,4,6,7,8,9,1-octahydropyrimido[1,2-a]azepinium thiocyanate",[S-1][C][#N],[C][Branch1][#Branch2][C][C][C][C][C][C][C][C][C][N+1][C][C][C][N][C][=Ring1][=Branch1][C][C][C][C][C][Ring1][#Branch1],976.5,363.15,101.325
1-decyl-3-methyl-1H-imidazolium tetracyanoborate,[C][#Branch1][C][#N][B-1][Branch1][Ring1][C][#N][Branch1][Ring1][C][#N][C][#N],[C][Branch1][#Branch2][C][C][C][C][C][C][C][C][C][NH1+1][C][N][Branch1][Branch1][C][=C][Ring1][Branch1][C],919.14,363.15,101.325
1-decyl-3-methylimidazolium acetate,[C][Branch1][C][C][=Branch1][C][=O][O-1],[C][Branch1][#Branch2][C][C][C][C][C][C][C][C][C][N+1][=C][N][Branch1][Branch1][C][=C][Ring1][Branch1][C],956,363.15,101.325
1-decyl-3-methylimidazolium bis(trifluoromethylsulfonyl)amide,[F][C][Branch2][Ring1][Branch2][S][=Branch1][C][=O][=Branch1][C][=O][N-1][S][=Branch1][C][=O][=Branch1][C][=O][C][Branch1][C][F][Branch1][C][F][F][Branch1][C][F][F],[C][Branch1][#Branch2][C][C][C][C][C][C][C][C][C][N+1][=C][N][Branch1][Branch1][C][=C][Ring1][Branch1][C],1223.55,363.15,101
1-decyl-3-methylimidazolium bis(trifluoromethylsulfonyl)amide,[F][C][Branch2][Ring1][Branch2][S][=Branch1][C][=O][=Branch1][C][=O][N-1][S][=Branch1][C][=O][=Branch1][C][=O][C][Branch1][C][F][Branch1][C][F][F][Branch1][C][F][F],[C][Branch1][#Branch2][C][C][C][C][C][C][C][C][C][N+1][=C][N][Branch1][Branch1][C][=C][Ring1][Branch1][C],1223.55,363.15,101.325
1-decyl-3-methylimidazolium chloride,[Cl-1],[C][Branch1][#Branch2][C][C][C][C][C][C][C][C][C][N+1][=C][N][Branch1][Branch1][C][=C][Ring1][Branch1][C],944,363.15,101
1-decyl-3-methylimidazolium phenolate,[C][=Branch1][Branch2][=C][C][=C][C][=C][Ring1][=Branch1][O-1],[C][Branch1][#Branch2][C][C][C][C][C][C][C][C][C][N+1][=C][N][Branch1][Branch1][C][=C][Ring1][Branch1][C],1035.7,363.15,101.325
1-decyl-3-methylimidazolium tetrafluoroborate,[F][B-1][Branch1][C][F][Branch1][C][F][F],[C][Branch1][#Branch2][C][C][C][C][C][C][C][C][C][N+1][=C][N][Branch1][Branch1][C][=C][Ring1][Branch1][C],1027,363.15,101.325
1-dodecyl-3-methyl-1H-imidazolium bis(trifluoromethylsulfonyl)amide,[F][C][Branch2][Ring1][Branch2][S][=Branch1][C][=O][=Branch1][C][=O][N-1][S][=Branch1][C][=O][=Branch1][C][=O][C][Branch1][C][F][Branch1][C][F][F][Branch1][C][F][F],[C][Branch1][N][C][C][C][C][C][C][C][C][C][C][C][NH1+1][C][N][Branch1][Branch1][C][=C][Ring1][Branch1][C],1190.6,363.15,101
1-dodecyl-3-methyl-1H-imidazolium bis(trifluoromethylsulfonyl)amide,[F][C][Branch2][Ring1][Branch2][S][=Branch1][C][=O][=Branch1][C][=O][N-1][S][=Branch1][C][=O][=Branch1][C][=O][C][Branch1][C][F][Branch1][C][F][F][Branch1][C][F][F],[C][Branch1][N][C][C][C][C][C][C][C][C][C][C][C][NH1+1][C][N][Branch1][Branch1][C][=C][Ring1][Branch1][C],1190.6,363.15,101.325
1-ethyl-1H-imidazolium acetate,[C][Branch1][C][C][=Branch1][C][=O][O-1],[C][Branch1][C][C][NH1+1][C][=N][C][=C][Ring1][Branch1],978.5,363.15,101.325
"1-ethyl-2,3-dimethylimidazolium bis[(trifluoromethyl)sulfonyl]imide",[N-1][Branch1][S][S][=Branch1][C][=O][=Branch1][C][=O][C][Branch1][C][F][Branch1][C][F][F][S][=Branch1][C][=O][=Branch1][C][=O][C][Branch1][C][F][Branch1][C][F][F],[C][Branch1][C][C][N+1][=C][Branch1][=Branch2][N][Branch1][Branch1][C][=C][Ring1][Branch1][C][C],1431.3,363.15,101.325
1-ethyl-2-heptylpyridin-1-ium bis((trifluoromethyl)sulfonyl)imide,[N-1][Branch1][S][S][=Branch1][C][=O][=Branch1][C][=O][C][Branch1][C][F][Branch1][C][F][F][S][=Branch1][C][=O][=Branch1][C][=O][C][Branch1][C][F][Branch1][C][F][F],[C][Branch1][C][C][N+1][=C][Branch1][#Branch1][C][=C][C][=C][Ring1][=Branch1][C][C][C][C][C][C][C],1266,363.15,101.325
1-ethyl-2-hexylpyridin-1-ium bis((trifluoromethyl)sulfonyl)imide,[N-1][Branch1][S][S][=Branch1][C][=O][=Branch1][C][=O][C][Branch1][C][F][Branch1][C][F][F][S][=Branch1][C][=O][=Branch1][C][=O][C][Branch1][C][F][Branch1][C][F][F],[C][Branch1][C][C][N+1][=C][Branch1][#Branch1][C][=C][C][=C][Ring1][=Branch1][C][C][C][C][C][C],1288.8,363.15,101.325
1-ethyl-2-octylpyridin-1-ium bis((trifluoromethyl)sulfonyl)imide,[N-1][Branch1][S][S][=Branch1][C][=O][=Branch1][C][=O][C][Branch1][C][F][Branch1][C][F][F][S][=Branch1][C][=O][=Branch1][C][=O][C][Branch1][C][F][Branch1][C][F][F],[C][Branch1][C][C][N+1][=C][Branch1][#Branch1][C][=C][C][=C][Ring1][=Branch1][C][C][C][C][C][C][C][C],1243.6,363.15,101.325
1-ethyl-2-pentylpyridin-1-ium bis((trifluoromethyl)sulfonyl)imide,[N-1][Branch1][S][S][=Branch1][C][=O][=Branch1][C][=O][C][Branch1][C][F][Branch1][C][F][F][S][=Branch1][C][=O][=Branch1][C][=O][C][Branch1][C][F][Branch1][C][F][F],[C][Branch1][C][C][N+1][=C][Branch1][#Branch1][C][=C][C][=C][Ring1][=Branch1][C][C][C][C][C],1314.3,363.15,101.325
1-ethyl-2-propylpyridin-1-ium bis((trifluoromethyl)sulfonyl)imide,[N-1][Branch1][S][S][=Branch1][C][=O][=Branch1][C][=O][C][Branch1][C][F][Branch1][C][F][F][S][=Branch1][C][=O][=Branch1][C][=O][C][Branch1][C][F][Branch1][C][F][F],[C][Branch1][C][C][N+1][=C][Branch1][#Branch1][C][=C][C][=C][Ring1][=Branch1][C][C][C],1387.5,363.15,101.325
"1-ethyl-3-methyl-1H-imidazol-3-ium 1,1,2,2,3,3,4,4,4-nonafluorobutane-1-sulfonate",[F][C][Branch2][Ring1][#Branch1][C][Branch1][S][C][Branch1][=Branch2][C][Branch1][C][F][Branch1][C][F][F][Branch1][C][F][F][Branch1][C][F][F][Branch1][=Branch2][S][=Branch1][C][=O][=Branch1][C][=O][O-1][F],[C][Branch1][C][C][N][C][=N+1][Branch1][Branch1][C][=C][Ring1][Branch1][C],1479.6,363.15,101.325
1-ethyl-3-methyl-1H-imidazolium bis(fluorosulfonyl)amide,[F][S][=Branch1][C][=O][=Branch1][C][=O][N-1][S][=Branch1][C][=O][=Branch1][C][=O][F],[C][Branch1][C][C][NH1+1][C][N][Branch1][Branch1][C][=C][Ring1][Branch1][C],1383.6,363.15,100
1-ethyl-3-methyl-1H-imidazolium tricyanomethanide,[C][#Branch1][C][#N][C-1][Branch1][Ring1][C][#N][C][#N],[C][Branch1][C][C][NH1+1][C][N][Branch1][Branch1][C][=C][Ring1][Branch1][C],1036.67,363.15,100
1-ethyl-3-methyl-1H-imidazolium tricyanomethanide,[C][#Branch1][C][#N][C-1][Branch1][Ring1][C][#N][C][#N],[C][Branch1][C][C][NH1+1][C][N][Branch1][Branch1][C][=C][Ring1][Branch1][C],1036.67,363.15,101.325
"1-ethyl-3-methylimidazolium 1,1,2,2,2-pentafluoro-N-[(pentafluoroethyl)sulfonyl]ethanesulfonamide",[F][C][Branch1][=Branch2][C][Branch1][C][F][Branch1][C][F][F][Branch2][Ring1][#C][S][=Branch1][C][=O][=Branch1][C][=O][N][S][=Branch1][C][=O][=Branch1][C][=O][C][Branch1][=Branch2][C][Branch1][C][F][Branch1][C][F][F][Branch1][C][F][F][F],[C][Branch1][C][C][N+1][=C][N][Branch1][Branch1][C][=C][Ring1][Branch1][C],1523.3,363.15,101.325
1-ethyl-3-methylimidazolium 2-acrylamido-2-methylpropanesulfonate,[C][Branch1][Ring1][C][=C][=Branch1][C][=O][N][C][Branch1][#Branch2][C][S][=Branch1][C][=O][=Branch1][C][=O][O-1][Branch1][C][C][C],[C][Branch1][C][C][N+1][=C][N][Branch1][Branch1][C][=C][Ring1][Branch1][C],1150,363.15,101.325
1-ethyl-3-methylimidazolium 4-methylbenzenesulfonate,[C][C][=C][C][=C][Branch1][Branch1][C][=C][Ring1][=Branch1][S][=Branch1][C][=O][=Branch1][C][=O][O-1],[C][Branch1][C][C][N+1][=C][N][Branch1][Branch1][C][=C][Ring1][Branch1][C],1185.5,363.15,101.325
1-ethyl-3-methylimidazolium acetate,[C][Branch1][C][C][=Branch1][C][=O][O-1],[C][Branch1][C][C][N+1][=C][N][Branch1][Branch1][C][=C][Ring1][Branch1][C],1057.02,363.15,100
1-ethyl-3-methylimidazolium acetate,[C][Branch1][C][C][=Branch1][C][=O][O-1],[C][Branch1][C][C][N+1][=C][N][Branch1][Branch1][C][=C][Ring1][Branch1][C],1057.02,363.15,101.325
1-ethyl-3-methylimidazolium bis((trifluoromethyl)sulfonyl)imide,[N-1][Branch1][S][S][=Branch1][C][=O][=Branch1][C][=O][C][Branch1][C][F][Branch1][C][F][F][S][=Branch1][C][=O][=Branch1][C][=O][C][Branch1][C][F][Branch1][C][F][F],[C][Branch1][C][C][N+1][=C][N][Branch1][Branch1][C][=C][Ring1][Branch1][C],1454.953333,363.15,101.325
1-ethyl-3-methylimidazolium decyl sulfate,[S][=Branch1][C][=O][=Branch1][C][=O][Branch1][N][O][C][C][C][C][C][C][C][C][C][C][O-1],[C][Branch1][C][C][N+1][=C][N][Branch1][Branch1][C][=C][Ring1][Branch1][C],1057.8,363.15,101.325
1-ethyl-3-methylimidazolium dicyanamide,[N-1][Branch1][Ring1][C][#N][C][#N],[C][Branch1][C][C][N+1][=C][N][Branch1][Branch1][C][=C][Ring1][Branch1][C],1064.425,363.15,101.325
1-ethyl-3-methylimidazolium diethyl phosphate,[P][=Branch1][C][=O][Branch1][Ring2][O][C][C][Branch1][Ring2][O][C][C][O-1],[C][Branch1][C][C][N+1][=C][N][Branch1][Branch1][C][=C][Ring1][Branch1][C],1102.233333,363.15,100
1-ethyl-3-methylimidazolium diethyl phosphate,[P][=Branch1][C][=O][Branch1][Ring2][O][C][C][Branch1][Ring2][O][C][C][O-1],[C][Branch1][C][C][N+1][=C][N][Branch1][Branch1][C][=C][Ring1][Branch1][C],1102.233333,363.15,101.325
1-ethyl-3-methylimidazolium dimethylphosphate,[C][O][P][=Branch1][C][=O][Branch1][Ring1][O][C][O-1],[C][Branch1][C][C][N+1][=C][N][Branch1][Branch1][C][=C][Ring1][Branch1][C],1174.6,363.15,101.325
1-ethyl-3-methylimidazolium ethyl sulfate,[S][=Branch1][C][=O][=Branch1][C][=O][Branch1][Ring2][O][C][C][O-1],[C][Branch1][C][C][N+1][=C][N][Branch1][Branch1][C][=C][Ring1][Branch1][C],1194.147143,363.15,100
1-ethyl-3-methylimidazolium ethyl sulfate,[S][=Branch1][C][=O][=Branch1][C][=O][Branch1][Ring2][O][C][C][O-1],[C][Branch1][C][C][N+1][=C][N][Branch1][Branch1][C][=C][Ring1][Branch1][C],1194.147143,363.15,101.325
1-ethyl-3-methylimidazolium hydrogen sulfate,[S][=Branch1][C][=O][=Branch1][C][=O][Branch1][C][O][O-1],[C][Branch1][C][C][N+1][=C][N][Branch1][Branch1][C][=C][Ring1][Branch1][C],1326.64,363.15,101.325
1-ethyl-3-methylimidazolium methanesulfonate,[C][S][=Branch1][C][=O][=Branch1][C][=O][O-1],[C][Branch1][C][C][N+1][=C][N][Branch1][Branch1][C][=C][Ring1][Branch1][C],1198.75,363.15,101
1-ethyl-3-methylimidazolium methanesulfonate,[C][S][=Branch1][C][=O][=Branch1][C][=O][O-1],[C][Branch1][C][C][N+1][=C][N][Branch1][Branch1][C][=C][Ring1][Branch1][C],1198.75,363.15,101.325
1-ethyl-3-methylimidazolium methyl phosphonate,[P][Branch1][Ring1][O][C][Branch1][C][O-1][=O],[C][Branch1][C][C][N+1][=C][N][Branch1][Branch1][C][=C][Ring1][Branch1][C],1151.75,363.15,101.325
1-ethyl-3-methylimidazolium methyl sulfate,[S][=Branch1][C][=O][=Branch1][C][=O][Branch1][Ring1][O][C][O-1],[C][Branch1][C][C][N+1][=C][N][Branch1][Branch1][C][=C][Ring1][Branch1][C],1242.85,363.15,101.325
1-ethyl-3-methylimidazolium octyl sulfate,[S][=Branch1][C][=O][=Branch1][C][=O][Branch1][#Branch2][O][C][C][C][C][C][C][C][C][O-1],[C][Branch1][C][C][N+1][=C][N][Branch1][Branch1][C][=C][Ring1][Branch1][C],1052.983333,363.15,101.325
1-ethyl-3-methylimidazolium phenolate,[C][=Branch1][Branch2][=C][C][=C][C][=C][Ring1][=Branch1][O-1],[C][Branch1][C][C][N+1][=C][N][Branch1][Branch1][C][=C][Ring1][Branch1][C],1233.2,363.15,101.325
1-ethyl-3-methylimidazolium tetracyanoborate,[C][#Branch1][C][#N][B-1][Branch1][Ring1][C][#N][Branch1][Ring1][C][#N][C][#N],[C][Branch1][C][C][N+1][=C][N][Branch1][Branch1][C][=C][Ring1][Branch1][C],987.1066667,363.15,100
1-ethyl-3-methylimidazolium tetracyanoborate,[C][#Branch1][C][#N][B-1][Branch1][Ring1][C][#N][Branch1][Ring1][C][#N][C][#N],[C][Branch1][C][C][N+1][=C][N][Branch1][Branch1][C][=C][Ring1][Branch1][C],987.1066667,363.15,101.325
1-ethyl-3-methylimidazolium tetrafluoroborate,[F][B-1][Branch1][C][F][Branch1][C][F][F],[C][Branch1][C][C][N+1][=C][N][Branch1][Branch1][C][=C][Ring1][Branch1][C],1238.6,363.15,101.325
1-ethyl-3-methylimidazolium thiocyanate,[S-1][C][#N],[C][Branch1][C][C][N+1][=C][N][Branch1][Branch1][C][=C][Ring1][Branch1][C],1081.15,363.15,101.325
1-ethyl-3-methylimidazolium trifluoromethanesulfonate,[F][C][Branch1][=Branch2][S][=Branch1][C][=O][=Branch1][C][=O][O-1][Branch1][C][F][F],[C][Branch1][C][C][N+1][=C][N][Branch1][Branch1][C][=C][Ring1][Branch1][C],1329.183333,363.15,101
1-ethyl-3-methylimidazolium trifluoromethanesulfonate,[F][C][Branch1][=Branch2][S][=Branch1][C][=O][=Branch1][C][=O][O-1][Branch1][C][F][F],[C][Branch1][C][C][N+1][=C][N][Branch1][Branch1][C][=C][Ring1][Branch1][C],1329.183333,363.15,101.325
1-ethylimidazolium bis[(trifluoromethyl)sulfonyl]imide,[N-1][Branch1][S][S][=Branch1][C][=O][=Branch1][C][=O][C][Branch1][C][F][Branch1][C][F][F][S][=Branch1][C][=O][=Branch1][C][=O][C][Branch1][C][F][Branch1][C][F][F],[C][Branch1][C][C][N+1][=C][N][C][=C][Ring1][Branch1],1506.5,363.15,101.325
1-ethylpyridinium bis[(trifluoromethyl)sulfonyl]imide,[N-1][Branch1][S][S][=Branch1][C][=O][=Branch1][C][=O][C][Branch1][C][F][Branch1][C][F][F][S][=Branch1][C][=O][=Branch1][C][=O][C][Branch1][C][F][Branch1][C][F][F],[C][Branch1][C][C][N+1][=C][C][=C][C][=C][Ring1][=Branch1],1474.5,363.15,101.325
1-heptyl-3-methylimidazolium bis(trifluoromethylsulfonyl)amide,[F][C][Branch2][Ring1][Branch2][S][=Branch1][C][=O][=Branch1][C][=O][N-1][S][=Branch1][C][=O][=Branch1][C][=O][C][Branch1][C][F][Branch1][C][F][F][Branch1][C][F][F],[C][Branch1][#Branch1][C][C][C][C][C][C][N+1][=C][N][Branch1][Branch1][C][=C][Ring1][Branch1][C],1287.6,363.15,101.325
1-hexyl-1-methylpyrrolidinium bis(trifluoromethanesulfonyl)imide,[N-1][Branch1][S][S][=Branch1][C][=O][=Branch1][C][=O][C][Branch1][C][F][Branch1][C][F][F][S][=Branch1][C][=O][=Branch1][C][=O][C][Branch1][C][F][Branch1][C][F][F],[C][Branch1][=Branch1][C][C][C][C][C][N+1][Branch1][#Branch1][C][C][C][C][Ring1][Branch1][C],1281.65,363.15,101.325
1-hexyl-3-methylimidazolium bis[(trifluoromethyl)sulfonyl]imide,[N-1][Branch1][S][S][=Branch1][C][=O][=Branch1][C][=O][C][Branch1][C][F][Branch1][C][F][F][S][=Branch1][C][=O][=Branch1][C][=O][C][Branch1][C][F][Branch1][C][F][F],[C][Branch1][=Branch1][C][C][C][C][C][N+1][=C][N][Branch1][Branch1][C][=C][Ring1][Branch1][C],1312.803333,363.15,101.325
1-hexyl-3-methylimidazolium chloride,[Cl-1],[C][Branch1][=Branch1][C][C][C][C][C][N+1][=C][N][Branch1][Branch1][C][=C][Ring1][Branch1][C],1002.1,363.15,101.325
1-hexyl-3-methylimidazolium iodide,[I-1],[C][Branch1][=Branch1][C][C][C][C][C][N+1][=C][N][Branch1][Branch1][C][=C][Ring1][Branch1][C],1302,363.15,101.325
1-hexyl-3-methylimidazolium nitrate,[N+1][=Branch1][C][=O][Branch1][C][O-1][O-1],[C][Branch1][=Branch1][C][C][C][C][C][N+1][=C][N][Branch1][Branch1][C][=C][Ring1][Branch1][C],1077,363.15,101.325
1-hexyl-3-methylimidazolium phenolate,[C][=Branch1][Branch2][=C][C][=C][C][=C][Ring1][=Branch1][O-1],[C][Branch1][=Branch1][C][C][C][C][C][N+1][=C][N][Branch1][Branch1][C][=C][Ring1][Branch1][C],1116.2,363.15,101.325
1-hexyl-3-methylimidazolium tetracyanoborate,[C][#Branch1][C][#N][B-1][Branch1][Ring1][C][#N][Branch1][Ring1][C][#N][C][#N],[C][Branch1][=Branch1][C][C][C][C][C][N+1][=C][N][Branch1][Branch1][C][=C][Ring1][Branch1][C],945.265,363.15,100
1-hexyl-3-methylimidazolium tetracyanoborate,[C][#Branch1][C][#N][B-1][Branch1][Ring1][C][#N][Branch1][Ring1][C][#N][C][#N],[C][Branch1][=Branch1][C][C][C][C][C][N+1][=C][N][Branch1][Branch1][C][=C][Ring1][Branch1][C],945.265,363.15,101.325
1-hexyl-3-methylimidazolium tetrafluoroborate,[F][B-1][Branch1][C][F][Branch1][C][F][F],[C][Branch1][=Branch1][C][C][C][C][C][N+1][=C][N][Branch1][Branch1][C][=C][Ring1][Branch1][C],1101.863333,363.15,100
1-hexyl-3-methylimidazolium tetrafluoroborate,[F][B-1][Branch1][C][F][Branch1][C][F][F],[C][Branch1][=Branch1][C][C][C][C][C][N+1][=C][N][Branch1][Branch1][C][=C][Ring1][Branch1][C],1101.863333,363.15,101.325
1-hexyl-3-methylimidazolium trifluoromethanesulfonate,[F][C][Branch1][=Branch2][S][=Branch1][C][=O][=Branch1][C][=O][O-1][Branch1][C][F][F],[C][Branch1][=Branch1][C][C][C][C][C][N+1][=C][N][Branch1][Branch1][C][=C][Ring1][Branch1][C],1189.42,363.15,101.325
1-hexyl-4-cyanopyridinium bis(trifluoromethylsulfonyl)imide,[N-1][Branch1][S][S][=Branch1][C][=O][=Branch1][C][=O][C][Branch1][C][F][Branch1][C][F][F][S][=Branch1][C][=O][=Branch1][C][=O][C][Branch1][C][F][Branch1][C][F][F],[C][Branch1][=Branch1][C][C][C][C][C][N+1][=C][C][=C][Branch1][Branch1][C][=C][Ring1][=Branch1][C][#N],1350.3,363.15,101.325
1-isobutyl-1-methylpiperidinium bis((trifluoromethyl)sulfonyl)imide,[N-1][Branch1][S][S][=Branch1][C][=O][=Branch1][C][=O][C][Branch1][C][F][Branch1][C][F][F][S][=Branch1][C][=O][=Branch1][C][=O][C][Branch1][C][F][Branch1][C][F][F],[C][Branch1][=Branch1][C][Branch1][C][C][C][N+1][Branch1][Branch2][C][C][C][C][C][Ring1][=Branch1][C],1342.7,363.15,101.325
1-isobutyl-1-methylpyrrolidinium bis((trifluoromethyl)sulfonyl)imide,[N-1][Branch1][S][S][=Branch1][C][=O][=Branch1][C][=O][C][Branch1][C][F][Branch1][C][F][F][S][=Branch1][C][=O][=Branch1][C][=O][C][Branch1][C][F][Branch1][C][F][F],[C][Branch1][=Branch1][C][Branch1][C][C][C][N+1][Branch1][#Branch1][C][C][C][C][Ring1][Branch1][C],1344.1,363.15,101.325
1-isobutyl-3-methylimidazolium bis[(trifluoromethyl)sulfonyl]amide,[F][C][Branch2][Ring1][Branch2][S][=Branch1][C][=O][=Branch1][C][=O][N-1][S][=Branch1][C][=O][=Branch1][C][=O][C][Branch1][C][F][Branch1][C][F][F][Branch1][C][F][F],[C][Branch1][=Branch1][C][Branch1][C][C][C][N+1][=C][N][Branch1][Branch1][C][=C][Ring1][Branch1][C],1376.6,363.15,101.325
1-isobutyl-3-methylpyridinium bis((trifluoromethyl)sulfonyl)imide,[N-1][Branch1][S][S][=Branch1][C][=O][=Branch1][C][=O][C][Branch1][C][F][Branch1][C][F][F][S][=Branch1][C][=O][=Branch1][C][=O][C][Branch1][C][F][Branch1][C][F][F],[C][Branch1][=Branch1][C][Branch1][C][C][C][N+1][=C][C][=Branch1][=Branch1][=C][C][=C][Ring1][=Branch1][C],1354.1,363.15,101.325
1-methyl-1-octylpyrrolidinium bis(trifluoromethylsulfonyl)amide,[F][C][Branch2][Ring1][Branch2][S][=Branch1][C][=O][=Branch1][C][=O][N-1][S][=Branch1][C][=O][=Branch1][C][=O][C][Branch1][C][F][Branch1][C][F][F][Branch1][C][F][F],[C][N+1][Branch1][#Branch1][C][C][C][C][Ring1][Branch1][C][C][C][C][C][C][C][C],1235.54,363.15,101.325
1-methyl-1-propylpiperidinium bis(trifluoromethylsulfonyl)imide,[N-1][Branch1][S][S][=Branch1][C][=O][=Branch1][C][=O][C][Branch1][C][F][Branch1][C][F][F][S][=Branch1][C][=O][=Branch1][C][=O][C][Branch1][C][F][Branch1][C][F][F],[C][N+1][Branch1][Branch2][C][C][C][C][C][Ring1][=Branch1][C][C][C],1353.9,363.15,101.325
1-methyl-1-propylpyrrolidinium bis(fluorosulfonyl)amide,[F][S][=Branch1][C][=O][=Branch1][C][=O][N-1][S][=Branch1][C][=O][=Branch1][C][=O][F],[C][N+1][Branch1][#Branch1][C][C][C][C][Ring1][Branch1][C][C][C],1288,363.15,100
1-methyl-1-propylpyrrolidinium bis[(trifluoromethyl)sulfonyl]imide,[N-1][Branch1][S][S][=Branch1][C][=O][=Branch1][C][=O][C][Branch1][C][F][Branch1][C][F][F][S][=Branch1][C][=O][=Branch1][C][=O][C][Branch1][C][F][Branch1][C][F][F],[C][N+1][Branch1][#Branch1][C][C][C][C][Ring1][Branch1][C][C][C],1370.986667,363.15,101.325
1-methyl-1-propylpyrrolidinium dicyanamide,[N-1][Branch1][Ring1][C][#N][C][#N],[C][N+1][Branch1][#Branch1][C][C][C][C][Ring1][Branch1][C][C][C],990.8,363.15,101.325
1-methyl-3-nonylimidazolium bis(trifluoromethanesulfonyl)imide,[N-1][Branch1][S][S][=Branch1][C][=O][=Branch1][C][=O][C][Branch1][C][F][Branch1][C][F][F][S][=Branch1][C][=O][=Branch1][C][=O][C][Branch1][C][F][Branch1][C][F][F],[C][N+1][=C][N][Branch1][Branch1][C][=C][Ring1][Branch1][C][C][C][C][C][C][C][C][C],1242.8,363.15,101.325
1-methyl-3-octyl-1H-imidazol-3-ium L-prolinate,[N][C@@H1][Branch1][=Branch1][C][C][C][Ring1][Branch1][C][=Branch1][C][=O][O-1],[C][N][C][=N+1][Branch1][Branch1][C][=C][Ring1][Branch1][C][C][C][C][C][C][C][C],1020.1,363.15,101.325
1-methyl-3-octyl-1H-imidazol-3-ium L-serinate,[N][C@@H1][Branch1][Ring1][C][O][C][=Branch1][C][=O][O-1],[C][N][C][=N+1][Branch1][Branch1][C][=C][Ring1][Branch1][C][C][C][C][C][C][C][C],1030.5,363.15,101.325
1-methyl-3-octyl-1H-imidazolium iodide,[I-1],[C][NH1+1][C][N][Branch1][Branch1][C][=C][Ring1][Branch1][C][C][C][C][C][C][C][C],1206,363.15,101.325
1-methyl-3-octylimidazolium bis(trifluoromethylsulfonyl)imide,[N-1][Branch1][S][S][=Branch1][C][=O][=Branch1][C][=O][C][Branch1][C][F][Branch1][C][F][F][S][=Branch1][C][=O][=Branch1][C][=O][C][Branch1][C][F][Branch1][C][F][F],[C][N+1][=C][N][Branch1][Branch1][C][=C][Ring1][Branch1][C][C][C][C][C][C][C][C],1265.3,363.15,101.325
1-methyl-3-octylimidazolium glycinate,[N][C][C][=Branch1][C][=O][O-1],[C][N+1][=C][N][Branch1][Branch1][C][=C][Ring1][Branch1][C][C][C][C][C][C][C][C],998.6,363.15,101.325
1-methyl-3-octylimidazolium L-alaninate,[N][C@@H1][Branch1][C][C][C][=Branch1][C][=O][O-1],[C][N+1][=C][N][Branch1][Branch1][C][=C][Ring1][Branch1][C][C][C][C][C][C][C][C],962.6,363.15,101.325
1-methyl-3-octylimidazolium L-asparaginate,[N][C@@H1][Branch1][#Branch1][C][C][Branch1][C][N][=O][C][=Branch1][C][=O][O-1],[C][N+1][=C][N][Branch1][Branch1][C][=C][Ring1][Branch1][C][C][C][C][C][C][C][C],1034.4,363.15,101.325
1-methyl-3-octylimidazolium phenolate,[C][=Branch1][Branch2][=C][C][=C][C][=C][Ring1][=Branch1][O-1],[C][N+1][=C][N][Branch1][Branch1][C][=C][Ring1][Branch1][C][C][C][C][C][C][C][C],1084.6,363.15,101.325
1-methyl-3-octylimidazolium tetracyanoborate,[C][#Branch1][C][#N][B-1][Branch1][Ring1][C][#N][Branch1][Ring1][C][#N][C][#N],[C][N+1][=C][N][Branch1][Branch1][C][=C][Ring1][Branch1][C][C][C][C][C][C][C][C],930.84,363.15,101.325
1-methyl-3-octylimidazolium tetrafluoroborate,[F][B-1][Branch1][C][F][Branch1][C][F][F],[C][N+1][=C][N][Branch1][Branch1][C][=C][Ring1][Branch1][C][C][C][C][C][C][C][C],1059.0925,363.15,100
1-methyl-3-octylimidazolium tetrafluoroborate,[F][B-1][Branch1][C][F][Branch1][C][F][F],[C][N+1][=C][N][Branch1][Branch1][C][=C][Ring1][Branch1][C][C][C][C][C][C][C][C],1059.0925,363.15,101
1-methyl-3-octylimidazolium tetrafluoroborate,[F][B-1][Branch1][C][F][Branch1][C][F][F],[C][N+1][=C][N][Branch1][Branch1][C][=C][Ring1][Branch1][C][C][C][C][C][C][C][C],1059.0925,363.15,101.325
1-methyl-3-octylimidazolium tricyanomethanide,[C][#Branch1][C][#N][C-1][Branch1][Ring1][C][#N][C][#N],[C][N+1][=C][N][Branch1][Branch1][C][=C][Ring1][Branch1][C][C][C][C][C][C][C][C],959.82,363.15,101.325
1-methyl-3-pentylimidazolium bis(trifluoromethylsulfonyl)imide,[N-1][Branch1][S][S][=Branch1][C][=O][=Branch1][C][=O][C][Branch1][C][F][Branch1][C][F][F][S][=Branch1][C][=O][=Branch1][C][=O][C][Branch1][C][F][Branch1][C][F][F],[C][N+1][=C][N][Branch1][Branch1][C][=C][Ring1][Branch1][C][C][C][C][C],1343.17,363.15,101.325
1-methyl-3-propylimidazolium bis[(trifluoromethyl)sulfonyl]imide,[N-1][Branch1][S][S][=Branch1][C][=O][=Branch1][C][=O][C][Branch1][C][F][Branch1][C][F][F][S][=Branch1][C][=O][=Branch1][C][=O][C][Branch1][C][F][Branch1][C][F][F],[C][N+1][=C][N][Branch1][Branch1][C][=C][Ring1][Branch1][C][C][C],1412.556667,363.15,101.325
1-methylimidazolium hydrogen sulfate,[S][=Branch1][C][=O][=Branch1][C][=O][Branch1][C][O][O-1],[C][N+1][=C][N][C][=C][Ring1][Branch1],1418.7,363.15,101.325
1-methylimidazolium tetrafluoroborate,[F][B-1][Branch1][C][F][Branch1][C][F][F],[C][N+1][=C][N][C][=C][Ring1][Branch1],1331.6,363.15,100
1-octyl-3-methylimidazolium trifluoromethanesulfonate,[F][C][Branch1][=Branch2][S][=Branch1][C][=O][=Branch1][C][=O][O-1][Branch1][C][F][F],[C][Branch1][Branch2][C][C][C][C][C][C][C][N+1][=C][N][Branch1][Branch1][C][=C][Ring1][Branch1][C],1141.15,363.15,101.325
1-octylpyridinium bis((trifluoromethyl)sulfonyl)amide,[F][C][Branch2][Ring1][Branch2][S][=Branch1][C][=O][=Branch1][C][=O][N-1][S][=Branch1][C][=O][=Branch1][C][=O][C][Branch1][C][F][Branch1][C][F][F][Branch1][C][F][F],[C][Branch1][Branch2][C][C][C][C][C][C][C][N+1][=C][C][=C][C][=C][Ring1][=Branch1],1273.6,363.15,101.325
1-octylquinolinium bis[(trifluoromethyl)sulfonyl]imide,[N-1][Branch1][S][S][=Branch1][C][=O][=Branch1][C][=O][C][Branch1][C][F][Branch1][C][F][F][S][=Branch1][C][=O][=Branch1][C][=O][C][Branch1][C][F][Branch1][C][F][F],[C][Branch1][Branch2][C][C][C][C][C][C][C][N+1][=C][C][=C][C][=C][C][=C][C][=C][Ring1][#Branch2][Ring1][=Branch1],1284.7,363.15,101.325
1-propylpyridinium bis((trifluoromethyl)sulfonyl)amide,[F][C][Branch2][Ring1][Branch2][S][=Branch1][C][=O][=Branch1][C][=O][N-1][S][=Branch1][C][=O][=Branch1][C][=O][C][Branch1][C][F][Branch1][C][F][F][Branch1][C][F][F],[C][Branch1][Ring1][C][C][N+1][=C][C][=C][C][=C][Ring1][=Branch1],1429.9,363.15,101.325
1-tetradecyl-3-methylimidazolium bis(trifluoromethylsulfonyl)imide,[N-1][Branch1][S][S][=Branch1][C][=O][=Branch1][C][=O][C][Branch1][C][F][Branch1][C][F][F][S][=Branch1][C][=O][=Branch1][C][=O][C][Branch1][C][F][Branch1][C][F][F],[C][Branch1][=C][C][C][C][C][C][C][C][C][C][C][C][C][C][N+1][=C][N][Branch1][Branch1][C][=C][Ring1][Branch1][C],1153.25,363.15,101
1-tetradecyl-3-methylimidazolium bis(trifluoromethylsulfonyl)imide,[N-1][Branch1][S][S][=Branch1][C][=O][=Branch1][C][=O][C][Branch1][C][F][Branch1][C][F][F][S][=Branch1][C][=O][=Branch1][C][=O][C][Branch1][C][F][Branch1][C][F][F],[C][Branch1][=C][C][C][C][C][C][C][C][C][C][C][C][C][C][N+1][=C][N][Branch1][Branch1][C][=C][Ring1][Branch1][C],1153.25,363.15,101.325
"2-(acetyloxy)-N-ethyl-N,N-dimethylethanaminium 1,1,1-trifluoro-N-[(trifluoromethyl)sulfonyl]methanesulfonamide",[F][C][Branch2][Ring1][Branch2][S][=Branch1][C][=O][=Branch1][C][=O][N][S][=Branch1][C][=O][=Branch1][C][=O][C][Branch1][C][F][Branch1][C][F][F][Branch1][C][F][F],[C][Branch1][C][C][=Branch1][C][=O][O][C][C][N+1][Branch1][C][C][Branch1][C][C][C][C],1400.6,363.15,101.325
2-butyl-1-ethylpyridin-1-ium bis((trifluoromethyl)sulfonyl)imide,[N-1][Branch1][S][S][=Branch1][C][=O][=Branch1][C][=O][C][Branch1][C][F][Branch1][C][F][F][S][=Branch1][C][=O][=Branch1][C][=O][C][Branch1][C][F][Branch1][C][F][F],[C][Branch1][Ring2][C][C][C][C][=N+1][Branch1][#Branch1][C][=C][C][=C][Ring1][=Branch1][C][C],1351,363.15,101.325
2-hydroxyethylammonium lactate,[C][Branch1][=Branch1][C][Branch1][C][O][C][=Branch1][C][=O][O-1],[O][C][C][NH3+1],1161,363.15,101.325
3-(2-hydroxyethyl)-1-methyl-1H-imidazol-3-ium dicyanoazanide,[C][#Branch1][C][#N][N-1][C][#N],[O][C][C][N+1][=C][N][Branch1][Branch1][C][=C][Ring1][Branch1][C],1144.8,363.15,101.325
"3-cyano-1-hexylpyridinium 1,1,1-trifluoro-N-[(trifluoromethyl)sulfonyl]methanesulfonamide",[F][C][Branch2][Ring1][Branch2][S][=Branch1][C][=O][=Branch1][C][=O][N][S][=Branch1][C][=O][=Branch1][C][=O][C][Branch1][C][F][Branch1][C][F][F][Branch1][C][F][F],[C][#Branch1][C][#N][C][C][=N+1][Branch1][=Branch1][C][=C][C][=Ring1][=Branch1][C][C][C][C][C][C],1354,363.15,101.325
"3-cyano-1-octylpyridinium 1,1,1-trifluoro-N-[(trifluoromethyl)sulfonyl]methanesulfonamide",[F][C][Branch2][Ring1][Branch2][S][=Branch1][C][=O][=Branch1][C][=O][N][S][=Branch1][C][=O][=Branch1][C][=O][C][Branch1][C][F][Branch1][C][F][F][Branch1][C][F][F],[C][#Branch1][C][#N][C][C][=N+1][Branch1][=Branch1][C][=C][C][=Ring1][=Branch1][C][C][C][C][C][C][C][C],1301.5,363.15,101.325
3-decyl-1-methylimidazolium tricyanomethanide,[C][#Branch1][C][#N][C-1][Branch1][Ring1][C][#N][C][#N],[C][Branch1][#Branch2][C][C][C][C][C][C][C][C][C][N][C][=N+1][Branch1][Branch1][C][=C][Ring1][Branch1][C],943.13,363.15,101.325
3-ethyl-1-methyl-1H-imidazolium hexyl sulfate,[S][=Branch1][C][=O][=Branch1][C][=O][Branch1][Branch2][O][C][C][C][C][C][C][O-1],[C][Branch1][C][C][N][C][NH1+1][Branch1][Branch1][C][=C][Ring1][Branch1][C],1088.15,363.15,101.325
3-ethyl-1-methylimidazolium butyl sulfate,[S][=Branch1][C][=O][=Branch1][C][=O][Branch1][=Branch1][O][C][C][C][C][O-1],[C][Branch1][C][C][N][C][=N+1][Branch1][Branch1][C][=C][Ring1][Branch1][C],1133.5,363.15,101.325
3-hexyl-1-methylimidazolium tricyanomethanide,[C][#Branch1][C][#N][C-1][Branch1][Ring1][C][#N][C][#N],[C][Branch1][=Branch1][C][C][C][C][C][N][C][=N+1][Branch1][Branch1][C][=C][Ring1][Branch1][C],978.98,363.15,101.325
3-methyl-1-(4-sulfobutyl)benzimidazolium trifluoroacetate,[F][C][Branch1][=Branch1][C][=Branch1][C][=O][O-1][Branch1][C][F][F],[C][N][C][=N+1][Branch1][O][C][=C][Ring1][Branch1][C][=C][C][=C][Ring1][=Branch1][C][C][C][C][S][=Branch1][C][=O][=Branch1][C][=O][O],1359.1,363.15,101.325
3-methyl-1-(4-sulfobutyl)benzimidazolium trifluoromethanesulfonate,[F][C][Branch1][=Branch2][S][=Branch1][C][=O][=Branch1][C][=O][O-1][Branch1][C][F][F],[C][N][C][=N+1][Branch1][O][C][=C][Ring1][Branch1][C][=C][C][=C][Ring1][=Branch1][C][C][C][C][S][=Branch1][C][=O][=Branch1][C][=O][O],1407.9,363.15,101.325
3-methyl-1-propylpyridinium bis(trifluoromethylsulfonyl)imide,[N-1][Branch1][S][S][=Branch1][C][=O][=Branch1][C][=O][C][Branch1][C][F][Branch1][C][F][F][S][=Branch1][C][=O][=Branch1][C][=O][C][Branch1][C][F][Branch1][C][F][F],[C][C][C][=N+1][Branch1][=Branch1][C][=C][C][=Ring1][=Branch1][C][C][C],1387.7,363.15,101.325
butyltrimethylammonium bis(trifluoromethylsulfonyl)imide,[N-1][Branch1][S][S][=Branch1][C][=O][=Branch1][C][=O][C][Branch1][C][F][Branch1][C][F][F][S][=Branch1][C][=O][=Branch1][C][=O][C][Branch1][C][F][Branch1][C][F][F],[C][Branch1][Ring2][C][C][C][N+1][Branch1][C][C][Branch1][C][C][C],1337,363.15,101.325
choline bis(trifluoromethylsulfonyl)imide,[N-1][Branch1][S][S][=Branch1][C][=O][=Branch1][C][=O][C][Branch1][C][F][Branch1][C][F][F][S][=Branch1][C][=O][=Branch1][C][=O][C][Branch1][C][F][Branch1][C][F][F],[O][C][C][N+1][Branch1][C][C][Branch1][C][C][C],1466.86,363.15,100
"methyltrioctylammonium 1,1,1-trifluoro-N-[(trifluoromethyl)sulfonyl]methanesulfonamide",[F][C][Branch2][Ring1][Branch2][S][=Branch1][C][=O][=Branch1][C][=O][N][S][=Branch1][C][=O][=Branch1][C][=O][C][Branch1][C][F][Branch1][C][F][F][Branch1][C][F][F],[C][N+1][Branch1][=Branch2][C][C][C][C][C][C][C][C][Branch1][=Branch2][C][C][C][C][C][C][C][C][C][C][C][C][C][C][C][C],1052.83,363.15,101.325
methyltrioctylammonium 4-ethyloctanoate,[C][Branch1][C][C][C][Branch1][Branch2][C][C][C][=Branch1][C][=O][O-1][C][C][C][C],[C][N+1][Branch1][=Branch2][C][C][C][C][C][C][C][C][Branch1][=Branch2][C][C][C][C][C][C][C][C][C][C][C][C][C][C][C][C],851,363.15,101.325
methyltrioctylammonium acetate,[C][Branch1][C][C][=Branch1][C][=O][O-1],[C][N+1][Branch1][=Branch2][C][C][C][C][C][C][C][C][Branch1][=Branch2][C][C][C][C][C][C][C][C][C][C][C][C][C][C][C][C],881.9,363.15,101.325
methyltrioctylammonium oleate,[C][Branch2][Ring1][C][C][C][C][C][C][C][C][\C][=C][/C][C][C][C][C][C][C][C][=Branch1][C][=O][O-1],[C][N+1][Branch1][=Branch2][C][C][C][C][C][C][C][C][Branch1][=Branch2][C][C][C][C][C][C][C][C][C][C][C][C][C][C][C][C],849.1,363.15,101.325
"N-(2-hydroxyethyl)-N,N-dimethyl-1-propanaminium bis((trifluoromethyl)sulfonyl)amide",[F][C][Branch2][Ring1][Branch2][S][=Branch1][C][=O][=Branch1][C][=O][N-1][S][=Branch1][C][=O][=Branch1][C][=O][C][Branch1][C][F][Branch1][C][F][F][Branch1][C][F][F],[O][C][C][N+1][Branch1][Ring2][C][C][C][Branch1][C][C][C],1395.09,363.15,100
"N-(2-hydroxyethyl)-N,N-dimethylpentanaminium bis((trifluoromethyl)sulfonyl)amide",[F][C][Branch2][Ring1][Branch2][S][=Branch1][C][=O][=Branch1][C][=O][N-1][S][=Branch1][C][=O][=Branch1][C][=O][C][Branch1][C][F][Branch1][C][F][F][Branch1][C][F][F],[O][C][C][N+1][Branch1][=Branch1][C][C][C][C][C][Branch1][C][C][C],1327.31,363.15,100
N-(3-hydroxypropyl)pyridinium dicyanamide,[N-1][Branch1][Ring1][C][#N][C][#N],[O][C][C][C][N+1][=C][C][=C][C][=C][Ring1][=Branch1],1130.6,363.15,101
"N,N-dibutyl-N-methyl-1-butanaminium 2-aminoethanesulfonate",[N][C][C][S][=Branch1][C][=O][=Branch1][C][=O][O-1],[C][Branch1][Ring2][C][C][C][N+1][Branch1][Branch1][C][C][C][C][Branch1][C][C][C][C][C][C],1012.1,363.15,101.325
"N,N-dibutyl-N-methyl-1-butanaminium L-lysinate",[N][C@@H1][Branch1][=Branch1][C][C][C][C][N][C][=Branch1][C][=O][O-1],[C][Branch1][Ring2][C][C][C][N+1][Branch1][Branch1][C][C][C][C][Branch1][C][C][C][C][C][C],940.8,363.15,101.325
"N,N-dibutyl-N-methyl-1-butanaminium L-threoninate",[N][C@@H1][Branch1][=Branch1][C@H1][Branch1][C][O][C][C][=Branch1][C][=O][O-1],[C][Branch1][Ring2][C][C][C][N+1][Branch1][Branch1][C][C][C][C][Branch1][C][C][C][C][C][C],959.8,363.15,101.325
"N,N-dibutyl-N-methylbutanaminium L-serinate",[N][C@@H1][Branch1][Ring1][C][O][C][=Branch1][C][=O][O-1],[C][Branch1][Ring2][C][C][C][N+1][Branch1][Branch1][C][C][C][C][Branch1][C][C][C][C][C][C],975.6,363.15,101.325
"N,N-dimethylacetamidium bis(trifluoromethanesulfonyl)amide",[F][C][Branch2][Ring1][Branch2][S][=Branch1][C][=O][=Branch1][C][=O][N-1][S][=Branch1][C][=O][=Branch1][C][=O][C][Branch1][C][F][Branch1][C][F][F][Branch1][C][F][F],[C][NH1+1][Branch1][=Branch1][C][Branch1][C][C][=O][C],1497.8,363.15,101.325
"N,N-dimethylethanamine acetate",[C][Branch1][C][C][=Branch1][C][=O][O],[C][N][Branch1][Ring1][C][C][C],965.1,363.15,101.325
"N,N-dimethylpropionamidium bis(trifluoromethanesulfonyl)amide",[F][C][Branch2][Ring1][Branch2][S][=Branch1][C][=O][=Branch1][C][=O][N-1][S][=Branch1][C][=O][=Branch1][C][=O][C][Branch1][C][F][Branch1][C][F][F][Branch1][C][F][F],[C][NH1+1][Branch1][#Branch1][C][Branch1][Ring1][C][C][=O][C],1454,363.15,101.325
N-butyl-3-methylpyridinium methylsulfate,[C][O][S][=Branch1][C][=O][=Branch1][C][=O][O-1],[C][Branch1][Ring2][C][C][C][N+1][=C][C][=Branch1][=Branch1][=C][C][=C][Ring1][=Branch1][C],1170.2,363.15,100
"N-butyl-N,N-dimethyl-N-(2-hydroxyethyl)ammonium bis(trifluoromethanesulfonyl)imide",[N-1][Branch1][S][S][=Branch1][C][=O][=Branch1][C][=O][C][Branch1][C][F][Branch1][C][F][F][S][=Branch1][C][=O][=Branch1][C][=O][C][Branch1][C][F][Branch1][C][F][F],[C][Branch1][Ring2][C][C][C][N+1][Branch1][Ring2][C][C][O][Branch1][C][C][C],1358.9,363.15,100
"N-ethyl-2-(2-methoxyethoxy)-N,N-dimethylethanaminium bis(trifluoromethylsulfonyl)imide",[N-1][Branch1][S][S][=Branch1][C][=O][=Branch1][C][=O][C][Branch1][C][F][Branch1][C][F][F][S][=Branch1][C][=O][=Branch1][C][=O][C][Branch1][C][F][Branch1][C][F][F],[C][Branch1][C][C][N+1][Branch1][Branch2][C][C][O][C][C][O][C][Branch1][C][C][C],1333,363.15,101.325
"N-ethyl-N,N-dimethylheptanaminium bis((trifluoromethyl)sulfonyl)amide",[F][C][Branch2][Ring1][Branch2][S][=Branch1][C][=O][=Branch1][C][=O][N-1][S][=Branch1][C][=O][=Branch1][C][=O][C][Branch1][C][F][Branch1][C][F][F][Branch1][C][F][F],[C][Branch1][C][C][N+1][Branch1][Branch2][C][C][C][C][C][C][C][Branch1][C][C][C],1237.9,363.15,101.325
N-ethyl-N-methylmorpholinium dicyanamide,[N-1][Branch1][Ring1][C][#N][C][#N],[C][Branch1][C][C][N+1][Branch1][Branch2][C][C][O][C][C][Ring1][=Branch1][C],1085.5,363.15,101.325
tetrabutylphosphonium 2-aminoethanesulfonate,[N][C][C][S][=Branch1][C][=O][=Branch1][C][=O][O-1],[C][Branch1][Ring2][C][C][C][P+1][Branch1][Branch1][C][C][C][C][Branch1][Branch1][C][C][C][C][C][C][C][C],987.3,363.15,101.325
tetrabutylphosphonium L-cysteinate,[N][C@@H1][Branch1][Ring1][C][S][C][=Branch1][C][=O][O-1],[C][Branch1][Ring2][C][C][C][P+1][Branch1][Branch1][C][C][C][C][Branch1][Branch1][C][C][C][C][C][C][C][C],993,363.15,101.325
tetrabutylphosphonium L-lysinate,[N][C@@H1][Branch1][=Branch1][C][C][C][C][N][C][=Branch1][C][=O][O-1],[C][Branch1][Ring2][C][C][C][P+1][Branch1][Branch1][C][C][C][C][Branch1][Branch1][C][C][C][C][C][C][C][C],928.6,363.15,101.325
tetrabutylphosphonium L-prolinate,[N][C@@H1][Branch1][=Branch1][C][C][C][Ring1][Branch1][C][=Branch1][C][=O][O-1],[C][Branch1][Ring2][C][C][C][P+1][Branch1][Branch1][C][C][C][C][Branch1][Branch1][C][C][C][C][C][C][C][C],942.75,363.15,101.325
tetrabutylphosphonium L-serinate,[N][C@@H1][Branch1][Ring1][C][O][C][=Branch1][C][=O][O-1],[C][Branch1][Ring2][C][C][C][P+1][Branch1][Branch1][C][C][C][C][Branch1][Branch1][C][C][C][C][C][C][C][C],953,363.15,101.325
tetrabutylphosphonium L-threoninate,[N][C@@H1][Branch1][=Branch1][C@H1][Branch1][C][O][C][C][=Branch1][C][=O][O-1],[C][Branch1][Ring2][C][C][C][P+1][Branch1][Branch1][C][C][C][C][Branch1][Branch1][C][C][C][C][C][C][C][C],940.7,363.15,101.325
tetrabutylphosphonium L-valinate,[N][C@@H1][Branch1][=Branch1][C][Branch1][C][C][C][C][=Branch1][C][=O][O-1],[C][Branch1][Ring2][C][C][C][P+1][Branch1][Branch1][C][C][C][C][Branch1][Branch1][C][C][C][C][C][C][C][C],902.1,363.15,101.325
tetradecyl(trihexyl)phosphonium dicyanamide,[N-1][Branch1][Ring1][C][#N][C][#N],[C][Branch1][=C][C][C][C][C][C][C][C][C][C][C][C][C][C][P+1][Branch1][#Branch1][C][C][C][C][C][C][Branch1][#Branch1][C][C][C][C][C][C][C][C][C][C][C][C],862.6,363.15,101.325
tetradecyltrihexylphosphonium bromide,[Br-1],[C][Branch1][=C][C][C][C][C][C][C][C][C][C][C][C][C][C][P+1][Branch1][#Branch1][C][C][C][C][C][C][Branch1][#Branch1][C][C][C][C][C][C][C][C][C][C][C][C],915.7,363.15,101.325
tetrahexylammonium oleate,[C][Branch2][Ring1][C][C][C][C][C][C][C][C][\C][=C][/C][C][C][C][C][C][C][C][=Branch1][C][=O][O-1],[C][Branch1][=Branch1][C][C][C][C][C][N+1][Branch1][#Branch1][C][C][C][C][C][C][Branch1][#Branch1][C][C][C][C][C][C][C][C][C][C][C][C],847.9,363.15,101.325
tetraoctylammonium oleate,[C][Branch2][Ring1][C][C][C][C][C][C][C][C][\C][=C][/C][C][C][C][C][C][C][C][=Branch1][C][=O][O-1],[C][Branch1][Branch2][C][C][C][C][C][C][C][N+1][Branch1][=Branch2][C][C][C][C][C][C][C][C][Branch1][=Branch2][C][C][C][C][C][C][C][C][C][C][C][C][C][C][C][C],836.1,363.15,101.325
tetraoctylphosphonium bis((trifluoromethyl)sulfonyl)amide,[F][C][Branch2][Ring1][Branch2][S][=Branch1][C][=O][=Branch1][C][=O][N-1][S][=Branch1][C][=O][=Branch1][C][=O][C][Branch1][C][F][Branch1][C][F][F][Branch1][C][F][F],[C][Branch1][Branch2][C][C][C][C][C][C][C][P+1][Branch1][=Branch2][C][C][C][C][C][C][C][C][Branch1][=Branch2][C][C][C][C][C][C][C][C][C][C][C][C][C][C][C][C],1019.9,363.15,101.325
tributylethylphosphonium diethylphosphate,[C][Branch1][C][C][O][P][=Branch1][C][=O][Branch1][Ring2][O][C][C][O-1],[C][Branch1][Ring2][C][C][C][P+1][Branch1][Ring1][C][C][Branch1][Branch1][C][C][C][C][C][C][C][C],950,363.15,101.325
triethyl(pentyl)phosphonium bis((trifluoromethyl)sulfonyl)amide,[F][C][Branch2][Ring1][Branch2][S][=Branch1][C][=O][=Branch1][C][=O][N-1][S][=Branch1][C][=O][=Branch1][C][=O][C][Branch1][C][F][Branch1][C][F][F][Branch1][C][F][F],[C][Branch1][C][C][P+1][Branch1][=Branch1][C][C][C][C][C][Branch1][Ring1][C][C][C][C],1248.55,363.15,100
triethylheptylammonium bis[(trifluoromethyl)sulfonyl]imide,[N-1][Branch1][S][S][=Branch1][C][=O][=Branch1][C][=O][C][Branch1][C][F][Branch1][C][F][F][S][=Branch1][C][=O][=Branch1][C][=O][C][Branch1][C][F][Branch1][C][F][F],[C][Branch1][C][C][N+1][Branch1][Branch2][C][C][C][C][C][C][C][Branch1][Ring1][C][C][C][C],1213.8,363.15,101.325
triethylhexylammonium bis((trifluoromethyl)sulfonyl)imide,[N-1][Branch1][S][S][=Branch1][C][=O][=Branch1][C][=O][C][Branch1][C][F][Branch1][C][F][F][S][=Branch1][C][=O][=Branch1][C][=O][C][Branch1][C][F][Branch1][C][F][F],[C][Branch1][C][C][N+1][Branch1][#Branch1][C][C][C][C][C][C][Branch1][Ring1][C][C][C][C],1232,363.15,101.325
trihexyl(tetradecyl)phosphonium acetate,[C][Branch1][C][C][=Branch1][C][=O][O-1],[C][Branch1][=Branch1][C][C][C][C][C][P+1][Branch1][#C][C][C][C][C][C][C][C][C][C][C][C][C][C][C][Branch1][#Branch1][C][C][C][C][C][C][C][C][C][C][C][C],854.7,363.15,101.325
trihexyl(tetradecyl)phosphonium butyrate,[C][Branch1][Ring2][C][C][C][=Branch1][C][=O][O-1],[C][Branch1][=Branch1][C][C][C][C][C][P+1][Branch1][#C][C][C][C][C][C][C][C][C][C][C][C][C][C][C][Branch1][#Branch1][C][C][C][C][C][C][C][C][C][C][C][C],850.3,363.15,101.325
trihexyl(tetradecyl)phosphonium chloride,[Cl-1],[C][Branch1][=Branch1][C][C][C][C][C][P+1][Branch1][#C][C][C][C][C][C][C][C][C][C][C][C][C][C][C][Branch1][#Branch1][C][C][C][C][C][C][C][C][C][C][C][C],852.3,363.15,101.325
trihexyl(tetradecyl)phosphonium hexanoate,[C][Branch1][=Branch1][C][C][C][C][C][=Branch1][C][=O][O-1],[C][Branch1][=Branch1][C][C][C][C][C][P+1][Branch1][#C][C][C][C][C][C][C][C][C][C][C][C][C][C][C][Branch1][#Branch1][C][C][C][C][C][C][C][C][C][C][C][C],845.4,363.15,101.325
trihexyl(tetradecyl)phosphonium octanoate,[C][Branch1][Branch2][C][C][C][C][C][C][C][=Branch1][C][=O][O-1],[C][Branch1][=Branch1][C][C][C][C][C][P+1][Branch1][#C][C][C][C][C][C][C][C][C][C][C][C][C][C][C][Branch1][#Branch1][C][C][C][C][C][C][C][C][C][C][C][C],841.6,363.15,101.325
"trihexyltetradecylphosphonium bis(2,4,4-trimethylpentyl)phosphinate",[C][C][Branch2][Ring1][#Branch1][C][P][Branch1][C][O-1][=Branch1][C][=O][C][C][Branch1][#Branch2][C][C][Branch1][C][C][Branch1][C][C][C][C][C][C][Branch1][C][C][Branch1][C][C][C],[C][Branch1][=Branch1][C][C][C][C][C][P+1][Branch1][#C][C][C][C][C][C][C][C][C][C][C][C][C][C][C][Branch1][#Branch1][C][C][C][C][C][C][C][C][C][C][C][C],847.05,363.15,100
"trihexyltetradecylphosphonium bis(2,4,4-trimethylpentyl)phosphinate",[C][C][Branch2][Ring1][#Branch1][C][P][Branch1][C][O-1][=Branch1][C][=O][C][C][Branch1][#Branch2][C][C][Branch1][C][C][Branch1][C][C][C][C][C][C][Branch1][C][C][Branch1][C][C][C],[C][Branch1][=Branch1][C][C][C][C][C][P+1][Branch1][#C][C][C][C][C][C][C][C][C][C][C][C][C][C][C][Branch1][#Branch1][C][C][C][C][C][C][C][C][C][C][C][C],847.05,363.15,101.325
trihexyltetradecylphosphonium decanoate,[C][Branch1][#Branch2][C][C][C][C][C][C][C][C][C][=Branch1][C][=O][O-1],[C][Branch1][=Branch1][C][C][C][C][C][P+1][Branch1][#C][C][C][C][C][C][C][C][C][C][C][C][C][C][C][Branch1][#Branch1][C][C][C][C][C][C][C][C][C][C][C][C],839.35,363.15,101.325
trihexyltetradecylphosphonium methanesulfonate,[C][S][=Branch1][C][=O][=Branch1][C][=O][O-1],[C][Branch1][=Branch1][C][C][C][C][C][P+1][Branch1][#C][C][C][C][C][C][C][C][C][C][C][C][C][C][C][Branch1][#Branch1][C][C][C][C][C][C][C][C][C][C][C][C],889.4,363.15,101.325
