IUPAC,ion1,ion2,RI,temperature
1-hexyl-3-methylimidazolium bis[(trifluoromethyl)sulfonyl]imide,[N-1][Branch1][S][S][=Branch1][C][=O][=Branch1][C][=O][C][Branch1][C][F][Branch1][C][F][F][S][=Branch1][C][=O][=Branch1][C][=O][C][Branch1][C][F][Branch1][C][F][F],[C][Branch1][=Branch1][C][C][C][C][C][N+1][=C][N][Branch1][Branch1][C][=C][Ring1][Branch1][C],1.43098,298.15
1-hexyl-3-methylimidazolium bis[(trifluoromethyl)sulfonyl]imide,[N-1][Branch1][S][S][=Branch1][C][=O][=Branch1][C][=O][C][Branch1][C][F][Branch1][C][F][F][S][=Branch1][C][=O][=Branch1][C][=O][C][Branch1][C][F][Branch1][C][F][F],[C][Branch1][=Branch1][C][C][C][C][C][N+1][=C][N][Branch1][Branch1][C][=C][Ring1][Branch1][C],1.42958,303.15
1-hexyl-3-methylimidazolium bis[(trifluoromethyl)sulfonyl]imide,[N-1][Branch1][S][S][=Branch1][C][=O][=Branch1][C][=O][C][Branch1][C][F][Branch1][C][F][F][S][=Branch1][C][=O][=Branch1][C][=O][C][Branch1][C][F][Branch1][C][F][F],[C][Branch1][=Branch1][C][C][C][C][C][N+1][=C][N][Branch1][Branch1][C][=C][Ring1][Branch1][C],1.42794,308.15
1-hexyl-3-methylimidazolium bis[(trifluoromethyl)sulfonyl]imide,[N-1][Branch1][S][S][=Branch1][C][=O][=Branch1][C][=O][C][Branch1][C][F][Branch1][C][F][F][S][=Branch1][C][=O][=Branch1][C][=O][C][Branch1][C][F][Branch1][C][F][F],[C][Branch1][=Branch1][C][C][C][C][C][N+1][=C][N][Branch1][Branch1][C][=C][Ring1][Branch1][C],1.42654,313.15
1-hexyl-3-methylimidazolium bis[(trifluoromethyl)sulfonyl]imide,[N-1][Branch1][S][S][=Branch1][C][=O][=Branch1][C][=O][C][Branch1][C][F][Branch1][C][F][F][S][=Branch1][C][=O][=Branch1][C][=O][C][Branch1][C][F][Branch1][C][F][F],[C][Branch1][=Branch1][C][C][C][C][C][N+1][=C][N][Branch1][Branch1][C][=C][Ring1][Branch1][C],1.42494,318.15
1-hexyl-3-methylimidazolium bis[(trifluoromethyl)sulfonyl]imide,[N-1][Branch1][S][S][=Branch1][C][=O][=Branch1][C][=O][C][Branch1][C][F][Branch1][C][F][F][S][=Branch1][C][=O][=Branch1][C][=O][C][Branch1][C][F][Branch1][C][F][F],[C][Branch1][=Branch1][C][C][C][C][C][N+1][=C][N][Branch1][Branch1][C][=C][Ring1][Branch1][C],1.42332,323.15
1-ethyl-3-methylimidazolium trifluoromethanesulfonate,[F][C][Branch1][=Branch2][S][=Branch1][C][=O][=Branch1][C][=O][O-1][Branch1][C][F][F],[C][Branch1][C][C][N+1][=C][N][Branch1][Branch1][C][=C][Ring1][Branch1][C],1.43568,298.15
1-ethyl-3-methylimidazolium trifluoromethanesulfonate,[F][C][Branch1][=Branch2][S][=Branch1][C][=O][=Branch1][C][=O][O-1][Branch1][C][F][F],[C][Branch1][C][C][N+1][=C][N][Branch1][Branch1][C][=C][Ring1][Branch1][C],1.43438,303.15
1-ethyl-3-methylimidazolium trifluoromethanesulfonate,[F][C][Branch1][=Branch2][S][=Branch1][C][=O][=Branch1][C][=O][O-1][Branch1][C][F][F],[C][Branch1][C][C][N+1][=C][N][Branch1][Branch1][C][=C][Ring1][Branch1][C],1.43288,308.15
1-ethyl-3-methylimidazolium trifluoromethanesulfonate,[F][C][Branch1][=Branch2][S][=Branch1][C][=O][=Branch1][C][=O][O-1][Branch1][C][F][F],[C][Branch1][C][C][N+1][=C][N][Branch1][Branch1][C][=C][Ring1][Branch1][C],1.43144,313.15
1-ethyl-3-methylimidazolium trifluoromethanesulfonate,[F][C][Branch1][=Branch2][S][=Branch1][C][=O][=Branch1][C][=O][O-1][Branch1][C][F][F],[C][Branch1][C][C][N+1][=C][N][Branch1][Branch1][C][=C][Ring1][Branch1][C],1.43004,318.15
1-ethyl-3-methylimidazolium trifluoromethanesulfonate,[F][C][Branch1][=Branch2][S][=Branch1][C][=O][=Branch1][C][=O][O-1][Branch1][C][F][F],[C][Branch1][C][C][N+1][=C][N][Branch1][Branch1][C][=C][Ring1][Branch1][C],1.42862,323.15
1-butyl-3-methylimidazolium trifluoromethanesulfonate,[F][C][Branch1][=Branch2][S][=Branch1][C][=O][=Branch1][C][=O][O-1][Branch1][C][F][F],[C][Branch1][Ring2][C][C][C][N+1][=C][N][Branch1][Branch1][C][=C][Ring1][Branch1][C],1.43902,298.15
1-butyl-3-methylimidazolium trifluoromethanesulfonate,[F][C][Branch1][=Branch2][S][=Branch1][C][=O][=Branch1][C][=O][O-1][Branch1][C][F][F],[C][Branch1][Ring2][C][C][C][N+1][=C][N][Branch1][Branch1][C][=C][Ring1][Branch1][C],1.43756,303.15
1-butyl-3-methylimidazolium trifluoromethanesulfonate,[F][C][Branch1][=Branch2][S][=Branch1][C][=O][=Branch1][C][=O][O-1][Branch1][C][F][F],[C][Branch1][Ring2][C][C][C][N+1][=C][N][Branch1][Branch1][C][=C][Ring1][Branch1][C],1.43606,308.15
1-butyl-3-methylimidazolium trifluoromethanesulfonate,[F][C][Branch1][=Branch2][S][=Branch1][C][=O][=Branch1][C][=O][O-1][Branch1][C][F][F],[C][Branch1][Ring2][C][C][C][N+1][=C][N][Branch1][Branch1][C][=C][Ring1][Branch1][C],1.43472,313.15
1-butyl-3-methylimidazolium trifluoromethanesulfonate,[F][C][Branch1][=Branch2][S][=Branch1][C][=O][=Branch1][C][=O][O-1][Branch1][C][F][F],[C][Branch1][Ring2][C][C][C][N+1][=C][N][Branch1][Branch1][C][=C][Ring1][Branch1][C],1.43334,318.15
1-butyl-3-methylimidazolium trifluoromethanesulfonate,[F][C][Branch1][=Branch2][S][=Branch1][C][=O][=Branch1][C][=O][O-1][Branch1][C][F][F],[C][Branch1][Ring2][C][C][C][N+1][=C][N][Branch1][Branch1][C][=C][Ring1][Branch1][C],1.43204,323.15
1-methyl-3-octylimidazolium tetrafluoroborate,[F][B-1][Branch1][C][F][Branch1][C][F][F],[C][N+1][=C][N][Branch1][Branch1][C][=C][Ring1][Branch1][C][C][C][C][C][C][C][C],1.43454,298.15
1-methyl-3-octylimidazolium tetrafluoroborate,[F][B-1][Branch1][C][F][Branch1][C][F][F],[C][N+1][=C][N][Branch1][Branch1][C][=C][Ring1][Branch1][C][C][C][C][C][C][C][C],1.4332,303.15
1-methyl-3-octylimidazolium tetrafluoroborate,[F][B-1][Branch1][C][F][Branch1][C][F][F],[C][N+1][=C][N][Branch1][Branch1][C][=C][Ring1][Branch1][C][C][C][C][C][C][C][C],1.43178,308.15
1-methyl-3-octylimidazolium tetrafluoroborate,[F][B-1][Branch1][C][F][Branch1][C][F][F],[C][N+1][=C][N][Branch1][Branch1][C][=C][Ring1][Branch1][C][C][C][C][C][C][C][C],1.43022,313.15
1-methyl-3-octylimidazolium tetrafluoroborate,[F][B-1][Branch1][C][F][Branch1][C][F][F],[C][N+1][=C][N][Branch1][Branch1][C][=C][Ring1][Branch1][C][C][C][C][C][C][C][C],1.4289,318.15
1-methyl-3-octylimidazolium tetrafluoroborate,[F][B-1][Branch1][C][F][Branch1][C][F][F],[C][N+1][=C][N][Branch1][Branch1][C][=C][Ring1][Branch1][C][C][C][C][C][C][C][C],1.42742,323.15
1-ethyl-3-methylimidazolium tetrafluoroborate,[F][B-1][Branch1][C][F][Branch1][C][F][F],[C][Branch1][C][C][N+1][=C][N][Branch1][Branch1][C][=C][Ring1][Branch1][C],1.41338,298.15
1-ethyl-3-methylimidazolium tetrafluoroborate,[F][B-1][Branch1][C][F][Branch1][C][F][F],[C][Branch1][C][C][N+1][=C][N][Branch1][Branch1][C][=C][Ring1][Branch1][C],1.412,303.15
1-ethyl-3-methylimidazolium tetrafluoroborate,[F][B-1][Branch1][C][F][Branch1][C][F][F],[C][Branch1][C][C][N+1][=C][N][Branch1][Branch1][C][=C][Ring1][Branch1][C],1.41072,308.15
1-ethyl-3-methylimidazolium tetrafluoroborate,[F][B-1][Branch1][C][F][Branch1][C][F][F],[C][Branch1][C][C][N+1][=C][N][Branch1][Branch1][C][=C][Ring1][Branch1][C],1.40936,313.15
1-ethyl-3-methylimidazolium tetrafluoroborate,[F][B-1][Branch1][C][F][Branch1][C][F][F],[C][Branch1][C][C][N+1][=C][N][Branch1][Branch1][C][=C][Ring1][Branch1][C],1.40814,318.15
1-ethyl-3-methylimidazolium tetrafluoroborate,[F][B-1][Branch1][C][F][Branch1][C][F][F],[C][Branch1][C][C][N+1][=C][N][Branch1][Branch1][C][=C][Ring1][Branch1][C],1.40678,323.15
1-butyl-3-methylimidazolium bis(trifluoromethylsulfonyl)imide,[N-1][Branch1][S][S][=Branch1][C][=O][=Branch1][C][=O][C][Branch1][C][F][Branch1][C][F][F][S][=Branch1][C][=O][=Branch1][C][=O][C][Branch1][C][F][Branch1][C][F][F],[C][Branch1][Ring2][C][C][C][N+1][=C][N][Branch1][Branch1][C][=C][Ring1][Branch1][C],1.4281,298.15
1-butyl-3-methylimidazolium bis(trifluoromethylsulfonyl)imide,[N-1][Branch1][S][S][=Branch1][C][=O][=Branch1][C][=O][C][Branch1][C][F][Branch1][C][F][F][S][=Branch1][C][=O][=Branch1][C][=O][C][Branch1][C][F][Branch1][C][F][F],[C][Branch1][Ring2][C][C][C][N+1][=C][N][Branch1][Branch1][C][=C][Ring1][Branch1][C],1.42662,303.15
1-butyl-3-methylimidazolium bis(trifluoromethylsulfonyl)imide,[N-1][Branch1][S][S][=Branch1][C][=O][=Branch1][C][=O][C][Branch1][C][F][Branch1][C][F][F][S][=Branch1][C][=O][=Branch1][C][=O][C][Branch1][C][F][Branch1][C][F][F],[C][Branch1][Ring2][C][C][C][N+1][=C][N][Branch1][Branch1][C][=C][Ring1][Branch1][C],1.42504,308.15
1-butyl-3-methylimidazolium bis(trifluoromethylsulfonyl)imide,[N-1][Branch1][S][S][=Branch1][C][=O][=Branch1][C][=O][C][Branch1][C][F][Branch1][C][F][F][S][=Branch1][C][=O][=Branch1][C][=O][C][Branch1][C][F][Branch1][C][F][F],[C][Branch1][Ring2][C][C][C][N+1][=C][N][Branch1][Branch1][C][=C][Ring1][Branch1][C],1.42354,313.15
1-butyl-3-methylimidazolium bis(trifluoromethylsulfonyl)imide,[N-1][Branch1][S][S][=Branch1][C][=O][=Branch1][C][=O][C][Branch1][C][F][Branch1][C][F][F][S][=Branch1][C][=O][=Branch1][C][=O][C][Branch1][C][F][Branch1][C][F][F],[C][Branch1][Ring2][C][C][C][N+1][=C][N][Branch1][Branch1][C][=C][Ring1][Branch1][C],1.42202,318.15
1-butyl-3-methylimidazolium bis(trifluoromethylsulfonyl)imide,[N-1][Branch1][S][S][=Branch1][C][=O][=Branch1][C][=O][C][Branch1][C][F][Branch1][C][F][F][S][=Branch1][C][=O][=Branch1][C][=O][C][Branch1][C][F][Branch1][C][F][F],[C][Branch1][Ring2][C][C][C][N+1][=C][N][Branch1][Branch1][C][=C][Ring1][Branch1][C],1.42044,323.15
1-butyl-3-methylimidazolium tetrafluoroborate,[F][B-1][Branch1][C][F][Branch1][C][F][F],[C][Branch1][Ring2][C][C][C][N+1][=C][N][Branch1][Branch1][C][=C][Ring1][Branch1][C],1.42318,298.15
1-butyl-3-methylimidazolium tetrafluoroborate,[F][B-1][Branch1][C][F][Branch1][C][F][F],[C][Branch1][Ring2][C][C][C][N+1][=C][N][Branch1][Branch1][C][=C][Ring1][Branch1][C],1.42168,303.15
1-butyl-3-methylimidazolium tetrafluoroborate,[F][B-1][Branch1][C][F][Branch1][C][F][F],[C][Branch1][Ring2][C][C][C][N+1][=C][N][Branch1][Branch1][C][=C][Ring1][Branch1][C],1.4203,308.15
1-butyl-3-methylimidazolium tetrafluoroborate,[F][B-1][Branch1][C][F][Branch1][C][F][F],[C][Branch1][Ring2][C][C][C][N+1][=C][N][Branch1][Branch1][C][=C][Ring1][Branch1][C],1.41896,313.15
1-butyl-3-methylimidazolium tetrafluoroborate,[F][B-1][Branch1][C][F][Branch1][C][F][F],[C][Branch1][Ring2][C][C][C][N+1][=C][N][Branch1][Branch1][C][=C][Ring1][Branch1][C],1.41766,318.15
1-butyl-3-methylimidazolium tetrafluoroborate,[F][B-1][Branch1][C][F][Branch1][C][F][F],[C][Branch1][Ring2][C][C][C][N+1][=C][N][Branch1][Branch1][C][=C][Ring1][Branch1][C],1.41624,323.15
1-hexyl-3-methylimidazolium tetrafluoroborate,[F][B-1][Branch1][C][F][Branch1][C][F][F],[C][Branch1][=Branch1][C][C][C][C][C][N+1][=C][N][Branch1][Branch1][C][=C][Ring1][Branch1][C],1.4293,298.15
1-hexyl-3-methylimidazolium tetrafluoroborate,[F][B-1][Branch1][C][F][Branch1][C][F][F],[C][Branch1][=Branch1][C][C][C][C][C][N+1][=C][N][Branch1][Branch1][C][=C][Ring1][Branch1][C],1.42798,303.15
1-hexyl-3-methylimidazolium tetrafluoroborate,[F][B-1][Branch1][C][F][Branch1][C][F][F],[C][Branch1][=Branch1][C][C][C][C][C][N+1][=C][N][Branch1][Branch1][C][=C][Ring1][Branch1][C],1.42654,308.15
1-hexyl-3-methylimidazolium tetrafluoroborate,[F][B-1][Branch1][C][F][Branch1][C][F][F],[C][Branch1][=Branch1][C][C][C][C][C][N+1][=C][N][Branch1][Branch1][C][=C][Ring1][Branch1][C],1.42518,313.15
1-hexyl-3-methylimidazolium tetrafluoroborate,[F][B-1][Branch1][C][F][Branch1][C][F][F],[C][Branch1][=Branch1][C][C][C][C][C][N+1][=C][N][Branch1][Branch1][C][=C][Ring1][Branch1][C],1.4238,318.15
1-hexyl-3-methylimidazolium tetrafluoroborate,[F][B-1][Branch1][C][F][Branch1][C][F][F],[C][Branch1][=Branch1][C][C][C][C][C][N+1][=C][N][Branch1][Branch1][C][=C][Ring1][Branch1][C],1.42234,323.15
1-ethyl-3-methylimidazolium bis((trifluoromethyl)sulfonyl)imide,[N-1][Branch1][S][S][=Branch1][C][=O][=Branch1][C][=O][C][Branch1][C][F][Branch1][C][F][F][S][=Branch1][C][=O][=Branch1][C][=O][C][Branch1][C][F][Branch1][C][F][F],[C][Branch1][C][C][N+1][=C][N][Branch1][Branch1][C][=C][Ring1][Branch1][C],1.42424,298.15
1-ethyl-3-methylimidazolium bis((trifluoromethyl)sulfonyl)imide,[N-1][Branch1][S][S][=Branch1][C][=O][=Branch1][C][=O][C][Branch1][C][F][Branch1][C][F][F][S][=Branch1][C][=O][=Branch1][C][=O][C][Branch1][C][F][Branch1][C][F][F],[C][Branch1][C][C][N+1][=C][N][Branch1][Branch1][C][=C][Ring1][Branch1][C],1.42288,303.15
1-ethyl-3-methylimidazolium bis((trifluoromethyl)sulfonyl)imide,[N-1][Branch1][S][S][=Branch1][C][=O][=Branch1][C][=O][C][Branch1][C][F][Branch1][C][F][F][S][=Branch1][C][=O][=Branch1][C][=O][C][Branch1][C][F][Branch1][C][F][F],[C][Branch1][C][C][N+1][=C][N][Branch1][Branch1][C][=C][Ring1][Branch1][C],1.42148,308.15
1-ethyl-3-methylimidazolium bis((trifluoromethyl)sulfonyl)imide,[N-1][Branch1][S][S][=Branch1][C][=O][=Branch1][C][=O][C][Branch1][C][F][Branch1][C][F][F][S][=Branch1][C][=O][=Branch1][C][=O][C][Branch1][C][F][Branch1][C][F][F],[C][Branch1][C][C][N+1][=C][N][Branch1][Branch1][C][=C][Ring1][Branch1][C],1.41992,313.15
1-ethyl-3-methylimidazolium bis((trifluoromethyl)sulfonyl)imide,[N-1][Branch1][S][S][=Branch1][C][=O][=Branch1][C][=O][C][Branch1][C][F][Branch1][C][F][F][S][=Branch1][C][=O][=Branch1][C][=O][C][Branch1][C][F][Branch1][C][F][F],[C][Branch1][C][C][N+1][=C][N][Branch1][Branch1][C][=C][Ring1][Branch1][C],1.41832,318.15
1-ethyl-3-methylimidazolium bis((trifluoromethyl)sulfonyl)imide,[N-1][Branch1][S][S][=Branch1][C][=O][=Branch1][C][=O][C][Branch1][C][F][Branch1][C][F][F][S][=Branch1][C][=O][=Branch1][C][=O][C][Branch1][C][F][Branch1][C][F][F],[C][Branch1][C][C][N+1][=C][N][Branch1][Branch1][C][=C][Ring1][Branch1][C],1.41682,323.15
1-methyl-3-propylimidazolium bis[(trifluoromethyl)sulfonyl]imide,[N-1][Branch1][S][S][=Branch1][C][=O][=Branch1][C][=O][C][Branch1][C][F][Branch1][C][F][F][S][=Branch1][C][=O][=Branch1][C][=O][C][Branch1][C][F][Branch1][C][F][F],[C][N+1][=C][N][Branch1][Branch1][C][=C][Ring1][Branch1][C][C][C],1.42632,298.15
1-methyl-3-propylimidazolium bis[(trifluoromethyl)sulfonyl]imide,[N-1][Branch1][S][S][=Branch1][C][=O][=Branch1][C][=O][C][Branch1][C][F][Branch1][C][F][F][S][=Branch1][C][=O][=Branch1][C][=O][C][Branch1][C][F][Branch1][C][F][F],[C][N+1][=C][N][Branch1][Branch1][C][=C][Ring1][Branch1][C][C][C],1.42486,303.15
1-methyl-3-propylimidazolium bis[(trifluoromethyl)sulfonyl]imide,[N-1][Branch1][S][S][=Branch1][C][=O][=Branch1][C][=O][C][Branch1][C][F][Branch1][C][F][F][S][=Branch1][C][=O][=Branch1][C][=O][C][Branch1][C][F][Branch1][C][F][F],[C][N+1][=C][N][Branch1][Branch1][C][=C][Ring1][Branch1][C][C][C],1.42342,308.15
1-methyl-3-propylimidazolium bis[(trifluoromethyl)sulfonyl]imide,[N-1][Branch1][S][S][=Branch1][C][=O][=Branch1][C][=O][C][Branch1][C][F][Branch1][C][F][F][S][=Branch1][C][=O][=Branch1][C][=O][C][Branch1][C][F][Branch1][C][F][F],[C][N+1][=C][N][Branch1][Branch1][C][=C][Ring1][Branch1][C][C][C],1.4218,313.15
1-methyl-3-propylimidazolium bis[(trifluoromethyl)sulfonyl]imide,[N-1][Branch1][S][S][=Branch1][C][=O][=Branch1][C][=O][C][Branch1][C][F][Branch1][C][F][F][S][=Branch1][C][=O][=Branch1][C][=O][C][Branch1][C][F][Branch1][C][F][F],[C][N+1][=C][N][Branch1][Branch1][C][=C][Ring1][Branch1][C][C][C],1.42024,318.15
1-methyl-3-propylimidazolium bis[(trifluoromethyl)sulfonyl]imide,[N-1][Branch1][S][S][=Branch1][C][=O][=Branch1][C][=O][C][Branch1][C][F][Branch1][C][F][F][S][=Branch1][C][=O][=Branch1][C][=O][C][Branch1][C][F][Branch1][C][F][F],[C][N+1][=C][N][Branch1][Branch1][C][=C][Ring1][Branch1][C][C][C],1.41884,323.15
1-propyl-3-methylimidazolium tetrafluoroborate,[F][B-1][Branch1][C][F][Branch1][C][F][F],[C][Branch1][Ring1][C][C][N+1][=C][N][Branch1][Branch1][C][=C][Ring1][Branch1][C],1.41922,298.15
1-propyl-3-methylimidazolium tetrafluoroborate,[F][B-1][Branch1][C][F][Branch1][C][F][F],[C][Branch1][Ring1][C][C][N+1][=C][N][Branch1][Branch1][C][=C][Ring1][Branch1][C],1.4178,303.15
1-propyl-3-methylimidazolium tetrafluoroborate,[F][B-1][Branch1][C][F][Branch1][C][F][F],[C][Branch1][Ring1][C][C][N+1][=C][N][Branch1][Branch1][C][=C][Ring1][Branch1][C],1.41654,308.15
1-propyl-3-methylimidazolium tetrafluoroborate,[F][B-1][Branch1][C][F][Branch1][C][F][F],[C][Branch1][Ring1][C][C][N+1][=C][N][Branch1][Branch1][C][=C][Ring1][Branch1][C],1.41518,313.15
1-propyl-3-methylimidazolium tetrafluoroborate,[F][B-1][Branch1][C][F][Branch1][C][F][F],[C][Branch1][Ring1][C][C][N+1][=C][N][Branch1][Branch1][C][=C][Ring1][Branch1][C],1.41384,318.15
1-propyl-3-methylimidazolium tetrafluoroborate,[F][B-1][Branch1][C][F][Branch1][C][F][F],[C][Branch1][Ring1][C][C][N+1][=C][N][Branch1][Branch1][C][=C][Ring1][Branch1][C],1.41248,323.15
1-butyl-3-methylimidazolium tetrafluoroborate,[F][B-1][Branch1][C][F][Branch1][C][F][F],[C][Branch1][Ring2][C][C][C][N+1][=C][N][Branch1][Branch1][C][=C][Ring1][Branch1][C],1.4228,286.907
1-butyl-3-methylimidazolium tetrafluoroborate,[F][B-1][Branch1][C][F][Branch1][C][F][F],[C][Branch1][Ring2][C][C][C][N+1][=C][N][Branch1][Branch1][C][=C][Ring1][Branch1][C],1.4223,288.889
1-butyl-3-methylimidazolium tetrafluoroborate,[F][B-1][Branch1][C][F][Branch1][C][F][F],[C][Branch1][Ring2][C][C][C][N+1][=C][N][Branch1][Branch1][C][=C][Ring1][Branch1][C],1.4218,290.923
1-butyl-3-methylimidazolium tetrafluoroborate,[F][B-1][Branch1][C][F][Branch1][C][F][F],[C][Branch1][Ring2][C][C][C][N+1][=C][N][Branch1][Branch1][C][=C][Ring1][Branch1][C],1.4212,293.04
1-butyl-3-methylimidazolium tetrafluoroborate,[F][B-1][Branch1][C][F][Branch1][C][F][F],[C][Branch1][Ring2][C][C][C][N+1][=C][N][Branch1][Branch1][C][=C][Ring1][Branch1][C],1.4207,295.032
1-butyl-3-methylimidazolium tetrafluoroborate,[F][B-1][Branch1][C][F][Branch1][C][F][F],[C][Branch1][Ring2][C][C][C][N+1][=C][N][Branch1][Branch1][C][=C][Ring1][Branch1][C],1.4202,297.042
1-butyl-3-methylimidazolium tetrafluoroborate,[F][B-1][Branch1][C][F][Branch1][C][F][F],[C][Branch1][Ring2][C][C][C][N+1][=C][N][Branch1][Branch1][C][=C][Ring1][Branch1][C],1.4197,299.02
1-butyl-3-methylimidazolium tetrafluoroborate,[F][B-1][Branch1][C][F][Branch1][C][F][F],[C][Branch1][Ring2][C][C][C][N+1][=C][N][Branch1][Branch1][C][=C][Ring1][Branch1][C],1.4184,304.123
1-butyl-3-methylimidazolium tetrafluoroborate,[F][B-1][Branch1][C][F][Branch1][C][F][F],[C][Branch1][Ring2][C][C][C][N+1][=C][N][Branch1][Branch1][C][=C][Ring1][Branch1][C],1.4171,309.02
1-butyl-3-methylimidazolium tetrafluoroborate,[F][B-1][Branch1][C][F][Branch1][C][F][F],[C][Branch1][Ring2][C][C][C][N+1][=C][N][Branch1][Branch1][C][=C][Ring1][Branch1][C],1.4157,314.345
1-butyl-3-methylimidazolium tetrafluoroborate,[F][B-1][Branch1][C][F][Branch1][C][F][F],[C][Branch1][Ring2][C][C][C][N+1][=C][N][Branch1][Branch1][C][=C][Ring1][Branch1][C],1.4146,318.922
1-butyl-3-methylimidazolium tetrafluoroborate,[F][B-1][Branch1][C][F][Branch1][C][F][F],[C][Branch1][Ring2][C][C][C][N+1][=C][N][Branch1][Branch1][C][=C][Ring1][Branch1][C],1.4207,292.99
1-butyl-3-methylimidazolium tetrafluoroborate,[F][B-1][Branch1][C][F][Branch1][C][F][F],[C][Branch1][Ring2][C][C][C][N+1][=C][N][Branch1][Branch1][C][=C][Ring1][Branch1][C],1.4194,298.14
1-butyl-3-methylimidazolium tetrafluoroborate,[F][B-1][Branch1][C][F][Branch1][C][F][F],[C][Branch1][Ring2][C][C][C][N+1][=C][N][Branch1][Branch1][C][=C][Ring1][Branch1][C],1.4187,300.94
1-butyl-3-methylimidazolium tetrafluoroborate,[F][B-1][Branch1][C][F][Branch1][C][F][F],[C][Branch1][Ring2][C][C][C][N+1][=C][N][Branch1][Branch1][C][=C][Ring1][Branch1][C],1.4182,303.06
1-butyl-3-methylimidazolium tetrafluoroborate,[F][B-1][Branch1][C][F][Branch1][C][F][F],[C][Branch1][Ring2][C][C][C][N+1][=C][N][Branch1][Branch1][C][=C][Ring1][Branch1][C],1.4169,307.96
"1-phenyl-2,3,5-trimethylpyrazolium methanesulfonate",[C][S][=Branch1][C][=O][=Branch1][C][=O][O-1],[C][=Branch1][Branch2][=C][C][=C][C][=C][Ring1][=Branch1][N+1][N][Branch1][#Branch2][C][=Branch1][=Branch1][=C][C][=Ring1][Branch1][C][C][C],1.5192,298
"1-phenyl-2,3,5-trimethylpyrazolium methanesulfonate",[C][S][=Branch1][C][=O][=Branch1][C][=O][O-1],[C][=Branch1][Branch2][=C][C][=C][C][=C][Ring1][=Branch1][N+1][N][Branch1][#Branch2][C][=Branch1][=Branch1][=C][C][=Ring1][Branch1][C][C][C],1.5167,308
"1-phenyl-2,3,5-trimethylpyrazolium methanesulfonate",[C][S][=Branch1][C][=O][=Branch1][C][=O][O-1],[C][=Branch1][Branch2][=C][C][=C][C][=C][Ring1][=Branch1][N+1][N][Branch1][#Branch2][C][=Branch1][=Branch1][=C][C][=Ring1][Branch1][C][C][C],1.5153,313
"1-phenyl-2,3,5-trimethylpyrazolium methanesulfonate",[C][S][=Branch1][C][=O][=Branch1][C][=O][O-1],[C][=Branch1][Branch2][=C][C][=C][C][=C][Ring1][=Branch1][N+1][N][Branch1][#Branch2][C][=Branch1][=Branch1][=C][C][=Ring1][Branch1][C][C][C],1.51,333
"1-phenyl-2-butyl-3,5-dimethylpyrazolium methanesulfonate",[C][S][=Branch1][C][=O][=Branch1][C][=O][O-1],[C][=Branch1][Branch2][=C][C][=C][C][=C][Ring1][=Branch1][N+1][N][Branch1][#Branch2][C][=Branch1][=Branch1][=C][C][=Ring1][Branch1][C][C][C][C][C][C],1.5164,298
"1-phenyl-2-butyl-3,5-dimethylpyrazolium methanesulfonate",[C][S][=Branch1][C][=O][=Branch1][C][=O][O-1],[C][=Branch1][Branch2][=C][C][=C][C][=C][Ring1][=Branch1][N+1][N][Branch1][#Branch2][C][=Branch1][=Branch1][=C][C][=Ring1][Branch1][C][C][C][C][C][C],1.5137,308
"1-phenyl-2-butyl-3,5-dimethylpyrazolium methanesulfonate",[C][S][=Branch1][C][=O][=Branch1][C][=O][O-1],[C][=Branch1][Branch2][=C][C][=C][C][=C][Ring1][=Branch1][N+1][N][Branch1][#Branch2][C][=Branch1][=Branch1][=C][C][=Ring1][Branch1][C][C][C][C][C][C],1.5125,313
"1-phenyl-2-butyl-3,5-dimethylpyrazolium methanesulfonate",[C][S][=Branch1][C][=O][=Branch1][C][=O][O-1],[C][=Branch1][Branch2][=C][C][=C][C][=C][Ring1][=Branch1][N+1][N][Branch1][#Branch2][C][=Branch1][=Branch1][=C][C][=Ring1][Branch1][C][C][C][C][C][C],1.5065,333
"1-phenyl-3,5-dimethyl-2-pentylpyrazolium methanesulfonate",[C][S][=Branch1][C][=O][=Branch1][C][=O][O-1],[C][=Branch1][Branch2][=C][C][=C][C][=C][Ring1][=Branch1][N+1][N][Branch1][#Branch2][C][=Branch1][=Branch1][=C][C][=Ring1][Branch1][C][C][C][C][C][C][C],1.5141,298
"1-phenyl-3,5-dimethyl-2-pentylpyrazolium methanesulfonate",[C][S][=Branch1][C][=O][=Branch1][C][=O][O-1],[C][=Branch1][Branch2][=C][C][=C][C][=C][Ring1][=Branch1][N+1][N][Branch1][#Branch2][C][=Branch1][=Branch1][=C][C][=Ring1][Branch1][C][C][C][C][C][C][C],1.5117,308
"1-phenyl-3,5-dimethyl-2-pentylpyrazolium methanesulfonate",[C][S][=Branch1][C][=O][=Branch1][C][=O][O-1],[C][=Branch1][Branch2][=C][C][=C][C][=C][Ring1][=Branch1][N+1][N][Branch1][#Branch2][C][=Branch1][=Branch1][=C][C][=Ring1][Branch1][C][C][C][C][C][C][C],1.5104,313
"1-phenyl-3,5-dimethyl-2-pentylpyrazolium methanesulfonate",[C][S][=Branch1][C][=O][=Branch1][C][=O][O-1],[C][=Branch1][Branch2][=C][C][=C][C][=C][Ring1][=Branch1][N+1][N][Branch1][#Branch2][C][=Branch1][=Branch1][=C][C][=Ring1][Branch1][C][C][C][C][C][C][C],1.5043,333
"1-phenyl-3,5-dimethyl-2-hexylpyrazolium methanesulfonate",[C][S][=Branch1][C][=O][=Branch1][C][=O][O-1],[C][=Branch1][Branch2][=C][C][=C][C][=C][Ring1][=Branch1][N+1][N][Branch1][#Branch2][C][=Branch1][=Branch1][=C][C][=Ring1][Branch1][C][C][C][C][C][C][C][C],1.5119,298
"1-phenyl-3,5-dimethyl-2-hexylpyrazolium methanesulfonate",[C][S][=Branch1][C][=O][=Branch1][C][=O][O-1],[C][=Branch1][Branch2][=C][C][=C][C][=C][Ring1][=Branch1][N+1][N][Branch1][#Branch2][C][=Branch1][=Branch1][=C][C][=Ring1][Branch1][C][C][C][C][C][C][C][C],1.5092,308
"1-phenyl-3,5-dimethyl-2-hexylpyrazolium methanesulfonate",[C][S][=Branch1][C][=O][=Branch1][C][=O][O-1],[C][=Branch1][Branch2][=C][C][=C][C][=C][Ring1][=Branch1][N+1][N][Branch1][#Branch2][C][=Branch1][=Branch1][=C][C][=Ring1][Branch1][C][C][C][C][C][C][C][C],1.5075,313
"1-phenyl-3,5-dimethyl-2-hexylpyrazolium methanesulfonate",[C][S][=Branch1][C][=O][=Branch1][C][=O][O-1],[C][=Branch1][Branch2][=C][C][=C][C][=C][Ring1][=Branch1][N+1][N][Branch1][#Branch2][C][=Branch1][=Branch1][=C][C][=Ring1][Branch1][C][C][C][C][C][C][C][C],1.5011,333
"1-phenyl-3,5-dimethyl-2-heptylpyrazolium methanesulfonate",[C][S][=Branch1][C][=O][=Branch1][C][=O][O-1],[C][=Branch1][Branch2][=C][C][=C][C][=C][Ring1][=Branch1][N+1][N][Branch1][#Branch2][C][=Branch1][=Branch1][=C][C][=Ring1][Branch1][C][C][C][C][C][C][C][C][C],1.5104,298
"1-phenyl-3,5-dimethyl-2-heptylpyrazolium methanesulfonate",[C][S][=Branch1][C][=O][=Branch1][C][=O][O-1],[C][=Branch1][Branch2][=C][C][=C][C][=C][Ring1][=Branch1][N+1][N][Branch1][#Branch2][C][=Branch1][=Branch1][=C][C][=Ring1][Branch1][C][C][C][C][C][C][C][C][C],1.5079,308
"1-phenyl-3,5-dimethyl-2-heptylpyrazolium methanesulfonate",[C][S][=Branch1][C][=O][=Branch1][C][=O][O-1],[C][=Branch1][Branch2][=C][C][=C][C][=C][Ring1][=Branch1][N+1][N][Branch1][#Branch2][C][=Branch1][=Branch1][=C][C][=Ring1][Branch1][C][C][C][C][C][C][C][C][C],1.5065,313
"1-phenyl-3,5-dimethyl-2-heptylpyrazolium methanesulfonate",[C][S][=Branch1][C][=O][=Branch1][C][=O][O-1],[C][=Branch1][Branch2][=C][C][=C][C][=C][Ring1][=Branch1][N+1][N][Branch1][#Branch2][C][=Branch1][=Branch1][=C][C][=Ring1][Branch1][C][C][C][C][C][C][C][C][C],1.5008,333
"1-phenyl-3,5-dimethyl-2-pentylpyrazolium tetrafluoroborate",[F][B-1][Branch1][C][F][Branch1][C][F][F],[C][=Branch1][Branch2][=C][C][=C][C][=C][Ring1][=Branch1][N+1][N][Branch1][#Branch2][C][=Branch1][=Branch1][=C][C][=Ring1][Branch1][C][C][C][C][C][C][C],1.475,298
"1-phenyl-3,5-dimethyl-2-pentylpyrazolium tetrafluoroborate",[F][B-1][Branch1][C][F][Branch1][C][F][F],[C][=Branch1][Branch2][=C][C][=C][C][=C][Ring1][=Branch1][N+1][N][Branch1][#Branch2][C][=Branch1][=Branch1][=C][C][=Ring1][Branch1][C][C][C][C][C][C][C],1.4722,308
"1-phenyl-3,5-dimethyl-2-pentylpyrazolium tetrafluoroborate",[F][B-1][Branch1][C][F][Branch1][C][F][F],[C][=Branch1][Branch2][=C][C][=C][C][=C][Ring1][=Branch1][N+1][N][Branch1][#Branch2][C][=Branch1][=Branch1][=C][C][=Ring1][Branch1][C][C][C][C][C][C][C],1.4708,313
"1-phenyl-3,5-dimethyl-2-pentylpyrazolium tetrafluoroborate",[F][B-1][Branch1][C][F][Branch1][C][F][F],[C][=Branch1][Branch2][=C][C][=C][C][=C][Ring1][=Branch1][N+1][N][Branch1][#Branch2][C][=Branch1][=Branch1][=C][C][=Ring1][Branch1][C][C][C][C][C][C][C],1.4651,333
"1-phenyl-3,5-dimethyl-2-hexylpyrazolium tetrafluoroborate",[F][B-1][Branch1][C][F][Branch1][C][F][F],[C][=Branch1][Branch2][=C][C][=C][C][=C][Ring1][=Branch1][N+1][N][Branch1][#Branch2][C][=Branch1][=Branch1][=C][C][=Ring1][Branch1][C][C][C][C][C][C][C][C],1.4772,298
"1-phenyl-3,5-dimethyl-2-hexylpyrazolium tetrafluoroborate",[F][B-1][Branch1][C][F][Branch1][C][F][F],[C][=Branch1][Branch2][=C][C][=C][C][=C][Ring1][=Branch1][N+1][N][Branch1][#Branch2][C][=Branch1][=Branch1][=C][C][=Ring1][Branch1][C][C][C][C][C][C][C][C],1.474,308
"1-phenyl-3,5-dimethyl-2-hexylpyrazolium tetrafluoroborate",[F][B-1][Branch1][C][F][Branch1][C][F][F],[C][=Branch1][Branch2][=C][C][=C][C][=C][Ring1][=Branch1][N+1][N][Branch1][#Branch2][C][=Branch1][=Branch1][=C][C][=Ring1][Branch1][C][C][C][C][C][C][C][C],1.4728,313
"1-phenyl-3,5-dimethyl-2-hexylpyrazolium tetrafluoroborate",[F][B-1][Branch1][C][F][Branch1][C][F][F],[C][=Branch1][Branch2][=C][C][=C][C][=C][Ring1][=Branch1][N+1][N][Branch1][#Branch2][C][=Branch1][=Branch1][=C][C][=Ring1][Branch1][C][C][C][C][C][C][C][C],1.4671,333
